date,US2YIS,US5YIS,US10YIS
2020-05-08,-0.05,0.7,1.18
2020-05-11,0.02,0.77,1.24
2020-05-12,0.02,0.73,1.19
2020-05-13,-0.01,0.72,1.17
2020-05-14,0.02,0.73,1.16
2020-05-15,0.06,0.74,1.18
2020-05-18,0.19,0.85,1.26
2020-05-19,0.22,0.83,1.24
2020-05-20,0.26,0.85,1.27
2020-05-21,0.33,0.85,1.24
2020-05-22,0.32,0.85,1.24
2020-05-25,0.32,0.85,1.24
2020-05-26,0.37,0.89,1.28
2020-05-27,0.4,0.89,1.28
2020-05-28,0.46,0.95,1.32
2020-05-29,0.47,0.97,1.33
2020-06-01,0.48,0.95,1.33
2020-06-02,0.53,0.96,1.33
2020-06-03,0.6,1.0,1.36
2020-06-04,0.66,1.04,1.4
2020-06-05,0.77,1.12,1.45
2020-06-08,0.822,1.201,1.531
2020-06-09,0.86,1.13,1.42
2020-06-10,0.92,1.16,1.46
2020-06-11,0.89,1.1,1.39
2020-06-12,0.89,1.11,1.38
2020-06-15,0.92,1.15,1.41
2020-06-16,1.0,1.2,1.46
2020-06-17,1.0,1.17,1.42
2020-06-18,1.08,1.21,1.44
2020-06-19,1.09,1.22,1.45
2020-06-22,1.16,1.28,1.5
2020-06-23,1.19,1.29,1.52
2020-06-24,1.12,1.27,1.49
2020-06-25,1.19,1.31,1.52
2020-06-26,1.17,1.28,1.49
2020-06-29,1.18,1.3,1.49
2020-06-30,1.21,1.33,1.52
2020-07-01,1.22,1.35,1.54
2020-07-02,1.27,1.41,1.6
2020-07-03,1.27,1.39,1.58
2020-07-06,1.33,1.46,1.63
2020-07-07,1.31,1.45,1.61
2020-07-08,1.31,1.42,1.59
2020-07-09,1.27,1.4,1.56
2020-07-10,1.29,1.41,1.57
2020-07-13,1.3,1.42,1.58
2020-07-14,1.33,1.47,1.61
2020-07-15,1.34,1.44,1.58
2020-07-16,1.32,1.44,1.58
2020-07-17,1.36,1.5,1.63
2020-07-20,1.4,1.52,1.65
2020-07-21,1.44,1.57,1.67
2020-07-22,1.48,1.58,1.68
2020-07-23,1.46,1.54,1.65
2020-07-24,1.44,1.53,1.64
2020-07-27,1.44,1.54,1.65
2020-07-28,1.43,1.53,1.64
2020-07-29,1.45,1.56,1.67
2020-07-30,1.44,1.55,1.66
2020-07-31,1.47,1.58,1.68
2020-08-03,1.51,1.61,1.71
2020-08-04,1.51,1.61,1.69
2020-08-05,1.57,1.68,1.75
2020-08-06,1.58,1.69,1.76
2020-08-07,1.56,1.67,1.76
2020-08-10,1.54,1.65,1.74
2020-08-11,1.54,1.66,1.75
2020-08-12,1.64,1.72,1.79
2020-08-13,1.65,1.73,1.8
2020-08-14,1.61,1.67,1.76
2020-08-17,1.64,1.69,1.78
2020-08-18,1.65,1.72,1.81
2020-08-19,1.61,1.66,1.77
2020-08-20,1.59,1.64,1.74
2020-08-21,1.61,1.68,1.77
2020-08-24,1.66,1.73,1.82
2020-08-25,1.69,1.74,1.83
2020-08-26,1.73,1.78,1.86
2020-08-27,1.71,1.79,1.87
2020-08-28,1.75,1.8,1.89
2020-08-31,1.71,1.82,1.93
2020-09-01,1.69,1.79,1.91
2020-09-02,1.66,1.77,1.88
2020-09-03,1.59,1.7,1.84
2020-09-04,1.56,1.69,1.84
2020-09-07,1.58,1.72,1.86
2020-09-08,1.54,1.72,1.86
2020-09-09,1.56,1.73,1.88
2020-09-10,1.51,1.71,1.87
2020-09-11,1.56,1.71,1.87
2020-09-14,1.49,1.69,1.83
2020-09-15,1.52,1.7,1.85
2020-09-16,1.57,1.72,1.85
2020-09-17,1.57,1.71,1.84
2020-09-18,1.56,1.72,1.85
2020-09-21,1.46,1.63,1.78
2020-09-22,1.45,1.62,1.77
2020-09-23,1.45,1.6,1.75
2020-09-24,1.4,1.57,1.74
2020-09-25,1.36,1.55,1.73
2020-09-28,1.45,1.63,1.77
2020-09-29,1.46,1.66,1.8
2020-09-30,1.46,1.65,1.8
2020-10-01,1.46,1.65,1.81
2020-10-02,1.44,1.65,1.82
2020-10-05,1.5,1.71,1.87
2020-10-06,1.5,1.68,1.83
2020-10-07,1.52,1.73,1.88
2020-10-08,1.54,1.73,1.89
2020-10-09,1.58,1.74,1.9
2020-10-12,1.58,1.74,1.9
2020-10-13,1.5,1.69,1.87
2020-10-14,1.48,1.69,1.86
2020-10-15,1.48,1.68,1.86
2020-10-16,1.5,1.7,1.87
2020-10-19,1.5,1.7,1.88
2020-10-20,1.5,1.69,1.88
2020-10-21,1.5,1.72,1.9
2020-10-22,1.51,1.65,1.88
2020-10-23,1.49,1.72,1.91
2020-10-26,1.39,1.69,1.89
2020-10-27,1.46,1.68,1.87
2020-10-28,1.42,1.67,1.86
2020-10-29,1.34,1.65,1.87
2020-10-30,1.35,1.67,1.87
2020-11-02,1.36,1.67,1.88
2020-11-03,1.39,1.7,1.9
2020-11-04,1.34,1.62,1.81
2020-11-05,1.35,1.61,1.81
2020-11-06,1.33,1.62,1.81
2020-11-09,1.33,1.62,1.81
2020-11-10,1.33,1.62,1.81
2020-11-11,1.53,1.76,1.91
2020-11-12,1.48,1.72,1.87
2020-11-13,1.5,1.71,1.88
2020-11-16,1.46,1.7,1.88
2020-11-17,1.49,1.69,1.86
2020-11-18,1.46,1.68,1.86
2020-11-19,1.45,1.68,1.86
2020-11-20,1.44,1.68,1.85
2020-11-23,1.46,1.68,1.86
2020-11-24,1.53,1.71,1.89
2020-11-25,1.54,1.73,1.91
2020-11-26,1.54,1.73,1.91
2020-11-27,1.55,1.73,1.9
2020-11-30,1.55,1.74,1.93
2020-12-01,1.57,1.78,1.96
2020-12-02,1.62,1.82,2.0
2020-12-03,1.65,1.85,2.02
2020-12-04,1.68,1.88,2.05
2020-12-07,1.76,1.89,2.04
2020-12-08,1.71,1.89,2.04
2020-12-09,1.74,1.9,2.06
2020-12-10,1.82,1.89,2.04
2020-12-11,1.75,1.86,2.0
2020-12-14,1.8,1.88,2.03
2020-12-15,1.8,1.93,2.06
2020-12-16,1.87,1.95,2.07
2020-12-17,1.88,1.95,2.08
2020-12-18,1.89,1.97,2.09
2020-12-21,1.87,1.95,2.07
2020-12-22,1.87,1.95,2.07
2020-12-23,1.89,1.979,2.09
2020-12-24,1.908,1.976,2.1063
2020-12-25,1.908,1.976,2.1063
2020-12-28,1.926,1.95,2.099
2020-12-29,1.9188,1.965,2.0888
2020-12-30,1.952,1.9678,2.0863
2020-12-31,1.974,2.014,2.11
2021-01-01,1.974,2.014,2.11
2021-01-04,1.988,2.021,2.13
2021-01-05,1.974,2.029,2.127
2021-01-06,2.1448,2.094,2.14
2021-01-07,2.143,2.127,2.2
2021-01-08,2.0471,2.128,2.19
2021-01-11,2.08,2.14,2.1738
2021-01-12,2.08,2.09,2.16
2021-01-13,2.0908,2.061,2.16
2021-01-14,2.1,2.13,2.19
2021-01-15,2.11,2.147,2.2025
2021-01-18,2.12,2.13,2.19
2021-01-19,2.14,2.14,2.2
2021-01-20,2.15,2.185,2.21
2021-01-21,2.2,2.21,2.26
2021-01-22,2.1926,2.201,2.265
2021-01-25,2.294,2.185,2.216
2021-01-26,2.16,2.17,2.217
2021-01-27,2.15,2.174,2.2
2021-01-28,2.12,2.18,2.22
2021-01-29,2.1413,2.2323,2.249
2021-02-01,2.07,2.17,2.225
2021-02-02,2.11,2.2,2.25
2021-02-03,2.1233,2.23,2.284
2021-02-04,2.13,2.21,2.27
2021-02-05,2.27,2.25,2.3
2021-02-08,2.17,2.25,2.29
2021-02-09,2.2013,2.25,2.29
2021-02-10,2.16,2.265,2.28
2021-02-11,2.22,2.26,2.27
2021-02-12,2.219,2.287,2.289
2021-02-15,2.21,2.27,2.29
2021-02-16,2.234,2.3038,2.3253
2021-02-17,2.2,2.27,2.329
2021-02-18,2.205,2.233,2.251
2021-02-19,2.18,2.2463,2.22
2021-02-22,2.18,2.21,2.21
2021-02-23,2.19,2.21,2.19
2021-02-24,2.25,2.2,2.19
2021-02-25,2.23,2.18,2.17
2021-02-26,2.2248,2.253,2.188
2021-03-01,2.29,2.25,2.19
2021-03-02,2.31,2.3,2.245
2021-03-03,2.35,2.3,2.26
2021-03-04,2.34,2.28,2.24
2021-03-05,2.3723,2.308,2.2638
2021-03-08,2.34,2.2961,2.24
2021-03-09,2.35,2.29,2.24
2021-03-10,2.4,2.331,2.2898
2021-03-11,2.534,2.4,2.32
2021-03-12,2.49,2.419,2.314
2021-03-15,2.492,2.43,2.33
2021-03-16,2.5288,2.48,2.35
2021-03-17,2.5238,2.46,2.36
2021-03-18,2.4313,2.4,2.32
2021-03-19,2.3353,2.4278,2.3663
2021-03-22,2.465,2.39,2.375
2021-03-23,2.455,2.38,2.34
2021-03-24,2.506,2.443,2.3688
2021-03-25,2.4975,2.45,2.37
2021-03-26,2.5075,2.5288,2.4288
2021-03-29,2.555,2.4688,2.4188
2021-03-30,2.5663,2.41,2.4038
2021-03-31,2.5103,2.42,2.4088
2021-04-01,2.53,2.44,2.377
2021-04-02,2.5638,2.477,2.399
2021-04-05,2.445,2.446,2.4
2021-04-06,2.5,2.39,2.36
2021-04-07,2.5123,2.43,2.3788
2021-04-08,2.5511,2.39,2.32
2021-04-09,2.565,2.4438,2.3525
2021-04-12,2.56,2.445,2.37
2021-04-13,2.474,2.45,2.382
2021-04-14,2.6525,2.48,2.4
2021-04-15,2.6175,2.47,2.38
2021-04-16,2.63,2.4988,2.415
2021-04-19,2.5988,2.47,2.39
2021-04-20,2.5713,2.43,2.39
2021-04-21,2.5275,2.455,2.38
2021-04-22,2.5413,2.4475,2.39
2021-04-23,2.5788,2.4513,2.3888
2021-04-26,2.5886,2.4861,2.415
2021-04-27,2.635,2.53,2.4538
2021-04-28,2.6975,2.57,2.47
2021-04-29,2.7363,2.57,2.475
2021-04-30,2.682,2.5825,2.455
2021-05-03,2.7125,2.6,2.46
2021-05-04,2.85,2.64,2.4738
2021-05-05,2.8825,2.68,2.5
2021-05-06,2.8938,2.6713,2.5038
2021-05-07,2.9213,2.66,2.5475
2021-05-10,2.9075,2.69,2.5663
2021-05-11,2.9163,2.67,2.56
2021-05-12,2.9613,2.69,2.56
2021-05-13,2.9275,2.6613,2.5563
2021-05-14,3.0238,2.6888,2.575
2021-05-17,3.0838,2.73,2.58
2021-05-18,3.0975,2.71,2.57
2021-05-19,3.025,2.64,2.52
2021-05-20,2.9288,2.6063,2.47
2021-05-21,2.925,2.6063,2.492
2021-05-24,2.9178,2.6325,2.47
2021-05-25,2.9138,2.62,2.46
2021-05-26,2.9875,2.6,2.45
2021-05-27,2.9688,2.6088,2.4688
2021-05-28,2.954,2.6013,2.4813
2021-05-31,2.95,2.59,2.46
2021-06-01,2.992,2.62,2.5013
2021-06-02,3.195,2.6236,2.4888
2021-06-03,3.01,2.6,2.5025
2021-06-04,3.036,2.613,2.4863
2021-06-07,3.025,2.57,2.45
2021-06-08,3.0125,2.5338,2.41
2021-06-09,2.813,2.4788,2.371
2021-06-10,2.855,2.523,2.4088
2021-06-11,2.8475,2.4625,2.365
2021-06-14,2.855,2.4788,2.4088
2021-06-15,2.8425,2.5,2.4338
2021-06-16,2.81,2.44,2.355
2021-06-17,2.8313,2.44,2.3238
2021-06-18,2.801,2.415,2.2788
2021-06-21,2.8188,2.4413,2.31
2021-06-22,2.846,2.4875,2.3613
2021-06-23,2.955,2.54,2.39
2021-06-24,2.8763,2.49,2.36
2021-06-25,2.885,2.5088,2.41
2021-06-28,2.86,2.5,2.395
2021-06-29,2.882,2.52,2.37
2021-06-30,2.8925,2.53,2.3938
2021-07-01,2.895,2.54,2.412
2021-07-02,2.847,2.55,2.39
2021-07-05,2.86,2.55,2.4
2021-07-06,2.85,2.54,2.39
2021-07-07,2.8155,2.48,2.3425
2021-07-08,2.78,2.43,2.2808
2021-07-09,2.811,2.4788,2.3488
2021-07-12,2.8525,2.53,2.36
2021-07-13,3.0388,2.62,2.4211
2021-07-14,2.9448,2.5938,2.37
2021-07-15,2.9813,2.58,2.36
2021-07-16,2.9988,2.595,2.3738
2021-07-19,2.7825,2.4825,2.3113
2021-07-20,2.785,2.48,2.315
2021-07-21,2.8775,2.5425,2.355
2021-07-22,2.8888,2.54,2.36
2021-07-23,2.924,2.6188,2.4288
2021-07-26,2.99,2.65,2.46
2021-07-27,3.0213,2.63,2.44
2021-07-28,3.0925,2.68,2.53
2021-07-29,3.0363,2.69,2.49
2021-07-30,3.0275,2.685,2.48
2021-08-02,2.9188,2.6336,2.4611
2021-08-03,2.9175,2.64,2.4625
2021-08-04,2.875,2.6163,2.462
2021-08-05,2.9038,2.5838,2.4263
2021-08-06,2.8313,2.615,2.468
2021-08-09,2.7988,2.6125,2.4663
2021-08-10,2.8138,2.6613,2.498
2021-08-11,2.875,2.6675,2.5075
2021-08-12,2.88,2.6713,2.5263
2021-08-13,2.8225,2.6288,2.4625
2021-08-16,2.8125,2.61,2.455
2021-08-17,2.79,2.57,2.39
2021-08-18,2.775,2.56,2.38
2021-08-19,2.7663,2.5283,2.35
2021-08-20,2.6758,2.4898,2.3575
2021-08-23,2.7105,2.51,2.37
2021-08-24,2.7588,2.56,2.4
2021-08-25,2.7975,2.59,2.4463
2021-08-26,2.8038,2.58,2.429
2021-08-27,2.865,2.6525,2.4873
2021-08-30,2.8675,2.62,2.446
2021-08-31,2.797,2.57,2.4288
2021-09-01,2.82,2.57,2.4275
2021-09-02,2.8625,2.57,2.4378
2021-09-03,2.8713,2.5975,2.445
2021-09-06,2.83,2.59,2.43
2021-09-07,2.8663,2.61,2.4688
2021-09-08,2.866,2.64,2.4688
2021-09-09,2.8513,2.66,2.48
2021-09-10,2.9088,2.695,2.5113
2021-09-13,2.9061,2.6625,2.4673
2021-09-14,2.625,2.6,2.42
2021-09-15,2.8875,2.6575,2.445
2021-09-16,2.8063,2.6675,2.4488
2021-09-17,2.8438,2.6375,2.4625
2021-09-20,2.7775,2.5863,2.43
2021-09-21,2.775,2.56,2.4225
2021-09-22,2.7588,2.5438,2.4163
2021-09-23,2.79,2.5913,2.4488
2021-09-24,2.7838,2.61,2.4525
2021-09-27,2.814,2.645,2.4738
2021-09-28,2.675,2.655,2.513
2021-09-29,2.8288,2.6388,2.495
2021-09-30,2.8183,2.6266,2.4988
2021-10-01,2.7863,2.6363,2.5113
2021-10-04,2.902,2.6438,2.493
2021-10-05,2.9688,2.71,2.565
2021-10-06,2.9313,2.6938,2.5588
2021-10-07,2.9763,2.7313,2.5888
2021-10-08,3.015,2.7838,2.6313
2021-10-11,3.0188,2.785,2.628
2021-10-12,3.0163,2.7725,2.6138
2021-10-13,3.0725,2.8113,2.6475
2021-10-14,3.3075,2.8263,2.6525
2021-10-15,3.1625,2.8625,2.692
2021-10-18,3.2525,2.84,2.66
2021-10-19,3.1303,2.83,2.65
2021-10-20,3.3513,2.9,2.71
2021-10-21,3.3588,3.0,2.75
2021-10-22,3.3275,2.9625,2.7625
2021-10-25,3.455,3.0363,2.7978
2021-10-26,3.5013,3.06,2.8
2021-10-27,3.465,3.07,2.79
2021-10-28,3.4413,3.01,2.7213
2021-10-29,3.4275,3.0113,2.7063
2021-11-01,3.485,2.94,2.64
2021-11-02,3.36,2.9425,2.6513
2021-11-03,3.3475,2.985,2.68
2021-11-04,3.3513,2.9825,2.7
2021-11-05,3.3725,2.9813,2.6725
2021-11-08,3.408,3.062,2.763
2021-11-09,3.515,3.0938,2.756
2021-11-10,3.589,3.17,2.82
2021-11-11,3.59,3.16,2.845
2021-11-12,3.713,3.19,2.83
2021-11-15,3.83,3.2788,2.88
2021-11-16,4.0313,3.26,2.86
2021-11-17,3.97,3.24,2.84
2021-11-18,3.828,3.224,2.848
2021-11-19,3.65,3.11,2.784
2021-11-22,3.639,3.07,2.73
2021-11-23,3.65,3.1,2.74
2021-11-24,3.73,3.128,2.73
2021-11-25,3.6275,3.12,2.79
2021-11-26,3.4688,3.0,2.66
2021-11-29,3.56,3.0013,2.6688
2021-11-30,3.41,2.86,2.62
2021-12-01,3.32,2.77,2.54
2021-12-02,3.37,2.8,2.6
2021-12-03,3.362,2.7975,2.5778
2021-12-06,3.455,2.869,2.5925
2021-12-07,3.4913,2.912,2.6638
2021-12-08,3.5663,2.9525,2.698
2021-12-09,3.42,2.83,2.61
2021-12-10,3.4163,2.841,2.606
2021-12-13,3.31,2.77,2.54
2021-12-14,3.24,2.73,2.53
2021-12-15,3.29,2.8,2.58
2021-12-16,3.25,2.7588,2.56
2021-12-17,3.23,2.741,2.5313
2021-12-20,3.185,2.71,2.53
2021-12-21,3.17,2.75,2.59
2021-12-22,3.21,2.8,2.61
2021-12-23,3.201,2.78,2.61
2021-12-24,3.201,2.78,2.61
2021-12-27,3.2675,2.847,2.659
2021-12-28,3.228,2.831,2.645
2021-12-29,3.308,2.905,2.692
2021-12-30,3.242,2.922,2.722
2021-12-31,3.2563,2.9,2.697
2022-01-03,3.3138,3.0,2.7263
2022-01-04,3.342,2.9538,2.69
2022-01-05,3.328,2.8925,2.637
2022-01-06,3.2413,2.7813,2.595
2022-01-07,3.275,2.815,2.615
2022-01-10,3.3778,2.8,2.584
2022-01-11,3.395,2.8875,2.65
2022-01-12,3.4588,2.83,2.57
2022-01-13,3.271,2.7903,2.545
2022-01-14,3.237,2.802,2.554
2022-01-17,3.22,2.79,2.54
2022-01-18,3.2375,2.78,2.55
2022-01-19,3.224,2.761,2.532
2022-01-20,3.2463,2.7175,2.495
2022-01-21,3.173,2.7475,2.517
2022-01-24,3.21,2.7475,2.57
2022-01-25,3.251,2.813,2.5625
2022-01-26,3.23,2.78,2.57
2022-01-27,3.1488,2.77,2.5925
2022-01-28,3.2238,2.83,2.613
2022-01-31,3.2213,2.8115,2.625
2022-02-01,3.1075,2.785,2.574
2022-02-02,3.163,2.771,2.54
2022-02-03,3.127,2.7425,2.525
2022-02-04,3.135,2.758,2.53
2022-02-07,3.157,2.6928,2.5235
2022-02-08,3.135,2.726,2.544
2022-02-09,3.226,2.7288,2.552
2022-02-10,3.4163,2.7888,2.565
2022-02-11,3.3525,2.845,2.587
2022-02-14,3.578,2.92,2.61
2022-02-15,3.5528,2.886,2.6
2022-02-16,3.5311,2.876,2.6063
2022-02-17,3.592,2.83,2.55
2022-02-18,3.605,2.83,2.53
2022-02-21,3.55,2.83,2.54
2022-02-22,3.566,2.895,2.586
2022-02-23,3.749,3.02,2.67
2022-02-24,3.848,3.05,2.67
2022-02-25,3.7538,3.02,2.69
2022-02-28,3.8513,3.09,2.78
2022-03-01,4.027,3.19,2.83
2022-03-02,4.08,3.291,2.89
2022-03-03,3.844,3.16,2.83
2022-03-04,3.959,3.232,2.868
2022-03-07,4.14,3.35,2.99
2022-03-08,4.2763,3.43,3.06
2022-03-09,4.13,3.33,2.97
2022-03-10,4.25,3.39,2.99
2022-03-11,4.4088,3.509,3.05
2022-03-14,4.4805,3.473,3.0475
2022-03-15,4.4066,3.385,2.951
2022-03-16,4.277,3.26,2.87
2022-03-17,4.537,3.5,3.0263
2022-03-18,4.6325,3.495,2.99
2022-03-21,4.6425,3.5188,2.984
2022-03-22,4.6063,3.48,3.0
2022-03-23,4.7213,3.5663,3.0613
2022-03-24,4.7088,3.5,3.01
2022-03-25,4.764,3.58,3.0475
2022-03-28,4.675,3.5,3.03
2022-03-29,4.44,3.36,2.94
2022-03-30,4.381,3.4075,2.9938
2022-03-31,4.2975,3.31,2.9188
2022-04-01,4.1463,3.3325,3.0138
2022-04-04,4.27,3.3125,3.0025
2022-04-05,4.239,3.3063,2.9688
2022-04-06,4.1538,3.2625,2.9238
2022-04-07,4.1713,3.2638,2.9413
2022-04-08,4.2988,3.3625,3.0038
2022-04-11,4.3438,3.4075,3.0475
2022-04-12,4.2825,3.3325,2.9825
2022-04-13,4.2838,3.235,2.925
2022-04-14,4.289,3.3263,3.025
2022-04-15,4.289,3.3263,3.025
2022-04-18,4.3363,3.3563,3.0363
2022-04-19,4.349,3.4013,3.0563
2022-04-20,4.365,3.3975,3.05
2022-04-21,4.595,3.5513,3.1538
2022-04-22,4.5075,3.535,3.1163
2022-04-25,4.26,3.42,3.03
2022-04-26,4.3,3.33,2.99
2022-04-27,4.37,3.43,2.95
2022-04-28,4.44,3.44,3.1
2022-04-29,4.4663,3.4438,3.088
2022-05-02,4.2175,3.39,2.963
2022-05-03,4.2158,3.321,2.9875
2022-05-04,4.316,3.4088,3.0513
2022-05-05,4.22,3.36,2.97
2022-05-06,4.332,3.365,2.9813
2022-05-09,4.1365,3.246,2.903
2022-05-10,3.89,3.07,2.8
2022-05-11,4.0125,3.164,2.889
2022-05-12,3.9596,3.0888,2.777
2022-05-13,3.99,3.1938,2.9038
2022-05-16,4.248,3.243,2.904
2022-05-17,4.1798,3.242,2.9413
2022-05-18,4.2138,3.218,2.9275
2022-05-19,4.058,3.112,2.837
2022-05-20,4.0675,3.0625,2.7488
2022-05-23,4.075,3.072,2.775
2022-05-24,4.0136,3.049,2.76
2022-05-25,4.0175,3.05,2.75
2022-05-26,4.124,3.16,2.8538
2022-05-27,4.115,3.17,2.8468
2022-05-30,4.1,3.17,2.87
2022-05-31,4.1138,3.225,2.87
2022-06-01,4.1413,3.186,2.86
2022-06-02,4.2043,3.187,2.909
2022-06-03,4.3121,3.258,3.0128
2022-06-06,4.3088,3.2925,2.98
2022-06-07,4.287,3.272,2.93
2022-06-08,4.3913,3.268,2.96
2022-06-09,4.3988,3.324,2.97
2022-06-10,4.638,3.3938,3.0163
2022-06-13,4.6118,3.276,2.89
2022-06-14,4.3688,3.165,2.86
2022-06-15,4.2186,3.145,2.89
2022-06-16,4.0851,3.031,2.78
2022-06-17,4.0913,3.0513,2.786
2022-06-20,4.09,3.0513,2.805
2022-06-21,4.12,3.079,2.821
2022-06-22,4.01,2.9585,2.7643
2022-06-23,3.8403,2.932,2.6963
2022-06-24,3.9563,3.0163,2.766
2022-06-27,3.955,2.993,2.749
2022-06-28,3.849,2.9713,2.7188
2022-06-29,3.6861,2.848,2.6061
2022-06-30,3.5028,2.8185,2.554
2022-07-01,3.474,2.807,2.579
2022-07-04,3.4763,2.7838,2.59
2022-07-05,3.322,2.696,2.5363
2022-07-06,3.214,2.665,2.522
2022-07-07,3.3478,2.735,2.5633
2022-07-08,3.2706,2.813,2.5925
2022-07-11,3.2813,2.758,2.53
2022-07-12,3.05,2.68,2.53
2022-07-13,3.2135,2.724,2.54
2022-07-14,2.9506,2.705,2.562
2022-07-15,3.173,2.751,2.58
2022-07-18,3.3163,2.829,2.6038
2022-07-19,3.4108,2.85,2.61
2022-07-20,3.3838,2.85,2.61
2022-07-21,3.2531,2.734,2.52
2022-07-22,3.2163,2.745,2.563
2022-07-25,3.2735,2.749,2.566
2022-07-26,3.2275,2.762,2.5683
2022-07-27,3.2663,2.84,2.6313
2022-07-28,3.2916,2.8695,2.68
2022-07-29,3.351,2.9688,2.75
2022-08-01,3.367,2.9023,2.699
2022-08-02,3.32,2.873,2.6675
2022-08-03,3.2913,2.9338,2.68
2022-08-04,3.2088,2.83,2.63
2022-08-05,3.1788,2.8588,2.673
2022-08-08,3.1548,2.85,2.675
2022-08-09,3.191,2.85,2.63
2022-08-10,3.125,2.81,2.61
2022-08-11,3.1525,2.838,2.645
2022-08-12,3.1435,2.867,2.672
2022-08-15,3.1793,2.79,2.59
2022-08-16,3.036,2.78,2.6
2022-08-17,3.0708,2.81,2.6
2022-08-18,3.0163,2.81,2.6587
2022-08-19,2.996,2.825,2.702
2022-08-22,3.0893,2.9148,2.71
2022-08-23,2.9416,2.93,2.72
2022-08-24,3.039,2.99,2.74
2022-08-25,3.1488,2.9608,2.7513
2022-08-26,3.0878,2.95,2.7488
2022-08-29,3.0725,2.92,2.718
2022-08-30,3.02,2.888,2.706
2022-08-31,2.93,2.79,2.63
2022-09-01,2.93,2.7625,2.615
2022-09-02,2.9338,2.755,2.635
2022-09-05,2.9,2.74,2.62
2022-09-06,2.9103,2.773,2.6445
2022-09-07,2.7963,2.735,2.5913
2022-09-08,2.7503,2.676,2.5725
2022-09-09,2.841,2.703,2.562
2022-09-12,2.957,2.7125,2.577
2022-09-13,2.9788,2.832,2.6125
2022-09-14,3.025,2.81,2.621
2022-09-15,2.9425,2.766,2.61
2022-09-16,2.8278,2.677,2.5288
2022-09-19,2.7318,2.631,2.503
2022-09-20,2.8163,2.675,2.5673
2022-09-21,2.835,2.6955,2.565
2022-09-22,2.8273,2.6788,2.569
2022-09-23,2.695,2.639,2.5075
2022-09-26,2.52,2.539,2.4825
2022-09-27,2.483,2.56,2.4743
2022-09-28,2.6753,2.563,2.45
2022-09-29,2.6441,2.511,2.384
2022-09-30,2.3448,2.4385,2.2753
2022-10-03,2.5225,2.4625,2.3813
2022-10-04,2.7713,2.501,2.393
2022-10-05,2.65,2.484,2.355
2022-10-06,2.6723,2.5125,2.3613
2022-10-07,2.81,2.591,2.425
2022-10-10,2.77,2.57,2.41
2022-10-11,2.7948,2.598,2.459
2022-10-12,2.662,2.525,2.445
2022-10-13,2.8688,2.597,2.475
2022-10-14,2.8961,2.6703,2.519
2022-10-17,3.018,2.719,2.5978
2022-10-18,2.866,2.684,2.539
2022-10-19,2.889,2.691,2.579
2022-10-20,3.0113,2.784,2.6223
2022-10-21,2.9603,2.812,2.6913
2022-10-24,3.0965,2.809,2.701
2022-10-25,3.046,2.765,2.647
2022-10-26,3.095,2.708,2.5825
2022-10-27,2.97,2.7338,2.61
2022-10-28,2.941,2.779,2.66
2022-10-31,3.039,2.801,2.688
2022-11-01,3.0375,2.8138,2.667
2022-11-02,3.095,2.81,2.665
2022-11-03,3.0388,2.6938,2.575
2022-11-04,3.038,2.7325,2.63
2022-11-07,3.0633,2.842,2.705
2022-11-08,2.9165,2.75,2.671
2022-11-09,2.738,2.6725,2.6
2022-11-10,2.69,2.607,2.56
2022-11-11,2.4703,2.615,2.56
2022-11-14,2.65,2.56,2.54
2022-11-15,2.62,2.53,2.52
2022-11-16,2.5838,2.52,2.5325
2022-11-17,2.53,2.48,2.47
2022-11-18,2.443,2.446,2.45
2022-11-21,2.4175,2.53,2.5
2022-11-22,2.6063,2.52,2.48
2022-11-23,2.625,2.525,2.505
2022-11-24,2.516,2.524,2.508
2022-11-25,2.598,2.5438,2.5313
2022-11-28,2.55,2.4648,2.457
2022-11-29,2.59,2.491,2.465
2022-11-30,2.6323,2.6,2.54
2022-12-01,2.6523,2.6,2.57
2022-12-02,2.712,2.681,2.617
2022-12-05,2.66,2.61,2.566
2022-12-06,2.5613,2.537,2.498
2022-12-07,2.4553,2.477,2.451
2022-12-08,2.5493,2.51,2.49
2022-12-09,2.5525,2.503,2.4775
2022-12-12,2.5408,2.5,2.481
2022-12-13,2.4738,2.4685,2.4533
2022-12-14,2.4451,2.4,2.38
2022-12-15,2.3713,2.34,2.347
2022-12-16,2.2975,2.3,2.31
2022-12-19,2.3325,2.34,2.34
2022-12-20,2.35,2.4275,2.4328
2022-12-21,2.4,2.4513,2.4613
2022-12-22,2.32,2.36,2.3757
2022-12-23,2.3413,2.383,2.383
2022-12-26,2.3688,2.359,2.4207
2022-12-27,2.4606,2.442,2.4695
2022-12-28,2.6203,2.43,2.4707
2022-12-29,2.38,2.42,2.4513
2022-12-30,2.39,2.4475,2.43
2023-01-02,2.39,2.42,2.43
2023-01-03,2.31,2.35,2.415
2023-01-04,2.205,2.276,2.345
2023-01-05,2.2,2.3,2.355
2023-01-06,1.9203,2.269,2.336
2023-01-09,2.082,2.243,2.36
2023-01-10,2.05,2.2563,2.34
2023-01-11,2.074,2.25,2.352
2023-01-12,2.1163,2.2688,2.336
2023-01-13,2.11,2.2875,2.3
2023-01-16,2.11,2.24,2.3
2023-01-17,2.0028,2.245,2.315
2023-01-18,1.9773,2.138,2.253
2023-01-19,2.12,2.25,2.344
2023-01-20,2.1445,2.25,2.3563
2023-01-23,2.4025,2.2925,2.3825
2023-01-24,2.238,2.317,2.41
2023-01-25,2.4383,2.3163,2.407
2023-01-26,2.225,2.375,2.439
2023-01-27,2.104,2.339,2.437
2023-01-30,2.262,2.323,2.39
2023-01-31,2.21,2.31,2.36
2023-02-01,2.1775,2.3113,2.382
2023-02-02,2.18,2.2838,2.37
2023-02-03,2.539,2.305,2.352
2023-02-06,2.407,2.3388,2.367
2023-02-07,2.5846,2.418,2.4236
2023-02-08,2.326,2.4775,2.4508
2023-02-09,2.4775,2.4813,2.454
2023-02-10,2.54,2.477,2.462
2023-02-13,2.4738,2.465,2.448
2023-02-14,2.7411,2.4875,2.449
2023-02-15,2.59,2.52,2.47
2023-02-16,2.6513,2.531,2.5025
2023-02-17,2.7238,2.5,2.48
2023-02-20,2.7275,2.49,2.48
2023-02-21,2.829,2.582,2.543
2023-02-22,2.702,2.57,2.5208
2023-02-23,2.6763,2.54,2.53
2023-02-24,2.69,2.5236,2.465
2023-02-27,2.5573,2.528,2.5075
2023-02-28,2.73,2.53,2.49
2023-03-01,2.7913,2.615,2.558
2023-03-02,2.8536,2.6843,2.59
2023-03-03,2.92,2.74,2.635
2023-03-06,2.91,2.71,2.6
2023-03-07,2.9028,2.57,2.5
2023-03-08,2.69,2.51,2.435
2023-03-09,2.515,2.447,2.422
2023-03-10,3.476,2.3913,2.416
2023-03-13,2.3513,2.3493,2.405
2023-03-14,2.4763,2.435,2.41
2023-03-15,2.3566,2.4398,2.42
2023-03-16,2.2838,2.399,2.37
2023-03-17,2.29,2.295,2.364
2023-03-20,2.5141,2.2988,2.325
2023-03-21,2.3753,2.3478,2.415
2023-03-22,2.4621,2.435,2.44
2023-03-23,2.3175,2.346,2.4188
2023-03-24,2.3148,2.3475,2.4013
2023-03-27,2.4016,2.4025,2.4175
2023-03-28,2.461,2.471,2.472
2023-03-29,2.827,2.4925,2.47
2023-03-30,2.45,2.505,2.495
2023-03-31,2.505,2.515,2.5036
2023-04-03,2.605,2.505,2.469
2023-04-04,2.4088,2.425,2.416
2023-04-05,2.43,2.4,2.4075
2023-04-06,2.4138,2.402,2.4093
2023-04-07,2.5088,2.4075,2.407
2023-04-10,2.4221,2.429,2.434
2023-04-11,2.4475,2.459,2.465
2023-04-12,2.2413,2.426,2.44
2023-04-13,2.1563,2.395,2.451
2023-04-14,2.1393,2.4013,2.486
2023-04-17,2.1425,2.478,2.481
2023-04-18,2.4741,2.483,2.468
2023-04-19,2.5913,2.5025,2.471
2023-04-20,2.29,2.47,2.43
2023-04-21,2.3388,2.46,2.468
2023-04-24,2.3575,2.448,2.44
2023-04-25,2.2776,2.395,2.41
2023-04-26,2.2588,2.422,2.46
2023-04-27,2.2238,2.42,2.448
2023-04-28,2.1813,2.378,2.3841
2023-05-01,2.2863,2.402,2.4288
2023-05-02,2.2038,2.3463,2.385
2023-05-03,2.1988,2.26,2.39
2023-05-04,2.1025,2.305,2.392
2023-05-05,2.2036,2.3675,2.4113
2023-05-08,2.2575,2.38,2.436
2023-05-09,2.2363,2.37,2.41
2023-05-10,2.0988,2.301,2.37
2023-05-11,2.0963,2.263,2.35
2023-05-12,2.0988,2.2788,2.4025
2023-05-15,2.0975,2.277,2.4238
2023-05-16,2.093,2.279,2.38
2023-05-17,2.1905,2.3075,2.411
2023-05-18,2.2188,2.328,2.432
2023-05-19,2.2175,2.326,2.419
2023-05-22,2.2378,2.355,2.423
2023-05-23,2.285,2.393,2.45
2023-05-24,2.265,2.384,2.4338
2023-05-25,2.245,2.3063,2.42
2023-05-26,2.2825,2.3263,2.442
2023-05-29,2.2838,2.3625,2.435
2023-05-30,2.2588,2.341,2.41
2023-05-31,2.22,2.3068,2.36
2023-06-01,2.2335,2.315,2.39
2023-06-02,2.305,2.3513,2.41
2023-06-05,2.3,2.395,2.42
2023-06-06,2.315,2.3738,2.41
2023-06-07,2.335,2.388,2.43
2023-06-08,2.315,2.373,2.41
2023-06-09,2.2823,2.37,2.424
2023-06-12,2.25,2.261,2.39
2023-06-13,2.2225,2.26,2.41
2023-06-14,2.2775,2.263,2.41
2023-06-15,2.2938,2.3813,2.43
2023-06-16,2.3225,2.302,2.4463
2023-06-19,2.3,2.39,2.44
2023-06-20,2.2963,2.383,2.43
2023-06-21,2.3263,2.405,2.43
2023-06-22,2.32,2.401,2.441
2023-06-23,2.3,2.37,2.42
2023-06-26,2.3113,2.373,2.4275
2023-06-27,2.2938,2.354,2.425
2023-06-28,2.2925,2.342,2.412
2023-06-29,2.2913,2.377,2.433
2023-06-30,2.36,2.405,2.469
2023-07-03,2.365,2.455,2.483
2023-07-04,2.365,2.455,2.483
2023-07-05,2.3688,2.437,2.494
2023-07-06,2.3513,2.439,2.504
2023-07-07,2.3438,2.443,2.507
2023-07-10,2.265,2.4353,2.499
2023-07-11,2.2363,2.392,2.487
2023-07-12,2.2313,2.408,2.501
2023-07-13,2.1925,2.3838,2.47
2023-07-14,2.1513,2.352,2.449
2023-07-17,2.1443,2.3638,2.461
2023-07-18,2.1425,2.339,2.4363
2023-07-19,2.1288,2.34,2.445
2023-07-20,2.1625,2.432,2.5213
2023-07-21,2.1638,2.431,2.548
2023-07-24,2.3075,2.4923,2.552
2023-07-25,2.3238,2.479,2.537
2023-07-26,2.3238,2.45,2.528
2023-07-27,2.33,2.4663,2.543
2023-07-28,2.3538,2.528,2.562
2023-07-31,2.4163,2.537,2.54
2023-08-01,2.3913,2.51,2.527
2023-08-02,2.3438,2.493,2.54
2023-08-03,2.315,2.486,2.54
2023-08-04,2.31,2.508,2.558
2023-08-07,2.3113,2.529,2.588
2023-08-08,2.3413,2.476,2.54
2023-08-09,2.345,2.485,2.513
2023-08-10,2.3563,2.486,2.517
2023-08-11,2.405,2.518,2.543
2023-08-14,2.3843,2.456,2.539
2023-08-15,2.358,2.476,2.518
2023-08-16,2.3605,2.466,2.5213
2023-08-17,2.3668,2.467,2.524
2023-08-18,2.3425,2.457,2.497
2023-08-21,2.3513,2.487,2.546
2023-08-22,2.385,2.505,2.548
2023-08-23,2.3838,2.498,2.55
2023-08-24,2.3838,2.494,2.526
2023-08-25,2.38,2.467,2.519
2023-08-28,2.3475,2.458,2.493
2023-08-29,2.3338,2.438,2.473
2023-08-30,2.3325,2.395,2.466
2023-08-31,2.3075,2.4113,2.441
2023-09-01,2.335,2.427,2.471
2023-09-04,2.335,2.425,2.4775
2023-09-05,2.3853,2.499,2.5085
2023-09-06,2.4013,2.478,2.515
2023-09-07,2.4038,2.494,2.519
2023-09-08,2.4575,2.5,2.535
2023-09-11,2.4825,2.496,2.542
2023-09-12,2.5113,2.506,2.545
2023-09-13,2.5413,2.496,2.529
2023-09-14,2.5525,2.523,2.548
2023-09-15,2.5275,2.518,2.5488
2023-09-18,2.5438,2.542,2.575
2023-09-19,2.5438,2.534,2.568
2023-09-20,2.5263,2.5225,2.5613
2023-09-21,2.5175,2.535,2.581
2023-09-22,2.4888,2.5138,2.566
2023-09-25,2.435,2.483,2.555
2023-09-26,2.3938,2.4488,2.517
2023-09-27,2.4275,2.472,2.529
2023-09-28,2.4355,2.486,2.557
2023-09-29,2.44,2.449,2.5238
2023-10-02,2.3835,2.4388,2.523
2023-10-03,2.3425,2.431,2.534
2023-10-04,2.2613,2.422,2.519
2023-10-05,2.2223,2.37,2.4863
2023-10-06,2.2198,2.394,2.491
2023-10-09,2.2223,2.3763,2.4713
2023-10-10,2.2963,2.4113,2.511
2023-10-11,2.2913,2.427,2.477
2023-10-12,2.3613,2.4513,2.528
2023-10-13,2.475,2.488,2.525
2023-10-16,2.5075,2.523,2.567
2023-10-17,2.5188,2.522,2.569
2023-10-18,2.5138,2.561,2.609
2023-10-19,2.5325,2.608,2.651
2023-10-20,2.515,2.569,2.636
2023-10-23,2.4413,2.522,2.56
2023-10-24,2.3913,2.478,2.5713
2023-10-25,2.4338,2.528,2.599
2023-10-26,2.3838,2.493,2.575
2023-10-27,2.3938,2.51,2.5963
2023-10-30,2.37,2.513,2.601
2023-10-31,2.33,2.488,2.5775
2023-11-01,2.3191,2.465,2.591
2023-11-02,2.3263,2.432,2.5468
2023-11-03,2.29,2.438,2.552
2023-11-06,2.3263,2.466,2.554
2023-11-07,2.2763,2.4288,2.5413
2023-11-08,2.2263,2.39,2.507
2023-11-09,2.2125,2.381,2.507
2023-11-10,2.2363,2.367,2.4825
2023-11-13,2.2463,2.3863,2.478
2023-11-14,2.2038,2.341,2.451
2023-11-15,2.1838,2.342,2.479
2023-11-16,2.1325,2.313,2.454
2023-11-17,2.1263,2.3048,2.44
2023-11-20,2.2225,2.362,2.475
2023-11-21,2.2,2.305,2.418
2023-11-22,2.19,2.314,2.428
2023-11-23,2.1913,2.319,2.433
2023-11-24,2.1888,2.312,2.438
2023-11-27,2.1563,2.266,2.3823
2023-11-28,2.18,2.288,2.394
2023-11-29,2.1688,2.27,2.375
2023-11-30,2.1613,2.2775,2.41
2023-12-01,2.1225,2.241,2.383
2023-12-04,2.1263,2.238,2.362
2023-12-05,2.0875,2.222,2.339
2023-12-06,2.0238,2.1713,2.305
2023-12-07,2.0138,2.1813,2.3175
2023-12-08,2.0625,2.229,2.3588
2023-12-11,2.0663,2.211,2.35
2023-12-12,2.0175,2.1775,2.3213
2023-12-13,2.0558,2.249,2.335
2023-12-14,2.1458,2.325,2.387
2023-12-15,2.1283,2.2883,2.367
2023-12-18,2.1433,2.299,2.357
2023-12-19,2.1338,2.273,2.3578
2023-12-20,2.11,2.278,2.346
2023-12-21,2.1113,2.286,2.352
2023-12-22,2.1125,2.266,2.349
2023-12-25,2.1138,2.295,2.3663
2023-12-26,2.11,2.2863,2.342
2023-12-27,2.0438,2.249,2.327
2023-12-28,1.9888,2.242,2.3313
2023-12-29,1.9938,2.237,2.346
2024-01-01,1.995,2.2438,2.3363
2024-01-02,2.0138,2.254,2.3625
2024-01-03,2.0338,2.24,2.3548
2024-01-04,2.035,2.254,2.35
2024-01-05,2.04,2.253,2.3713
2024-01-08,1.9975,2.228,2.36
2024-01-09,2.0213,2.254,2.369
2024-01-10,2.01,2.23,2.36
2024-01-11,2.0441,2.2463,2.35
2024-01-12,2.0625,2.275,2.384
2024-01-15,2.0625,2.275,2.3838
2024-01-16,2.0613,2.284,2.4088
2024-01-17,2.0925,2.303,2.417
2024-01-18,2.1363,2.346,2.446
2024-01-19,2.125,2.3188,2.434
2024-01-22,2.13,2.2963,2.402
2024-01-23,2.1038,2.2725,2.4013
2024-01-24,2.1188,2.2963,2.415
2024-01-25,2.125,2.292,2.4013
2024-01-26,2.1313,2.277,2.401
2024-01-29,2.1138,2.2813,2.405
2024-01-30,2.1288,2.274,2.38
2024-01-31,2.0675,2.255,2.4025
2024-02-01,2.01,2.2,2.3213
2024-02-02,2.015,2.21,2.341
2024-02-05,2.0863,2.267,2.385
2024-02-06,2.1075,2.254,2.3763
2024-02-07,2.1025,2.267,2.369
2024-02-08,2.1463,2.293,2.39
2024-02-09,2.1525,2.296,2.3863
2024-02-12,2.1413,2.265,2.368
2024-02-13,2.2663,2.33,2.4225
2024-02-14,2.2738,2.342,2.4213
2024-02-15,2.2713,2.341,2.4163
2024-02-16,2.365,2.392,2.452
2024-02-19,2.3663,2.3825,2.4338
2024-02-20,2.2788,2.348,2.435
2024-02-21,2.31,2.39,2.4513
2024-02-22,2.325,2.3625,2.432
2024-02-23,2.2725,2.337,2.405
2024-02-26,2.3675,2.356,2.405
2024-02-27,2.325,2.3688,2.414
2024-02-28,2.3275,2.369,2.414
2024-02-29,2.3588,2.375,2.429
2024-03-01,2.3488,2.3628,2.424
2024-03-04,2.3663,2.392,2.4538
2024-03-05,2.3675,2.378,2.4438
2024-03-06,2.3588,2.362,2.417
2024-03-07,2.3474,2.3485,2.393
2024-03-08,2.33,2.336,2.4028
2024-03-11,2.3075,2.3208,2.381
2024-03-12,2.3438,2.348,2.4088
2024-03-13,2.385,2.358,2.409
2024-03-14,2.375,2.363,2.415
2024-03-15,2.385,2.382,2.431
2024-03-18,2.3913,2.381,2.4263
2024-03-19,2.4,2.37,2.418
2024-03-20,2.3875,2.4113,2.445
2024-03-21,2.4175,2.4288,2.462
2024-03-22,2.3788,2.416,2.4675
2024-03-25,2.3838,2.419,2.467
2024-03-26,2.3388,2.388,2.444
2024-03-27,2.315,2.3763,2.429
2024-03-28,2.3275,2.3938,2.4513
2024-03-29,2.3275,2.3938,2.4513
2024-04-01,2.3463,2.329,2.474
2024-04-02,2.3825,2.446,2.493
2024-04-03,2.3875,2.446,2.4838
2024-04-04,2.4071,2.428,2.485
2024-04-05,2.4538,2.467,2.5013
2024-04-08,2.4563,2.484,2.5163
2024-04-09,2.4525,2.467,2.506
2024-04-10,2.5525,2.507,2.54
2024-04-11,2.5225,2.493,2.535
2024-04-12,2.5613,2.501,2.53
2024-04-15,2.5738,2.537,2.563
2024-04-16,2.5875,2.531,2.552
2024-04-17,2.5275,2.49,2.521
2024-04-18,2.5213,2.5088,2.534
2024-04-19,2.525,2.506,2.536
2024-04-22,2.5125,2.512,2.537
2024-04-23,2.51,2.508,2.529
2024-04-24,2.51,2.534,2.55
2024-04-25,2.52,2.524,2.553
2024-04-26,2.5313,2.5288,2.557
2024-04-29,2.5038,2.516,2.55
2024-04-30,2.5088,2.508,2.542
2024-05-01,2.4775,2.4763,2.498
2024-05-02,2.4513,2.463,2.511
2024-05-03,2.4138,2.443,2.504
2024-05-06,2.3963,2.44,2.49
2024-05-07,2.3775,2.408,2.47
2024-05-08,2.385,2.445,2.49
2024-05-09,2.4063,2.438,2.488
2024-05-10,2.3988,2.442,2.502
2024-05-13,2.3963,2.432,2.493
2024-05-14,2.3538,2.422,2.486
2024-05-15,2.3213,2.407,2.4725
2024-05-16,2.32,2.418,2.47
2024-05-17,2.3913,2.445,2.488
2024-05-20,2.385,2.4475,2.4925
2024-05-21,2.3938,2.447,2.495
2024-05-22,2.3838,2.443,2.491
2024-05-23,2.3875,2.432,2.473
2024-05-24,2.4025,2.4363,2.4763
2024-05-27,2.405,2.4375,2.4775
2024-05-28,2.42,2.465,2.4975
2024-05-29,2.445,2.492,2.532
2024-05-30,2.4288,2.488,2.532
2024-05-31,2.4388,2.4763,2.524
2024-06-03,2.3713,2.4675,2.51
2024-06-04,2.3425,2.4288,2.49
2024-06-05,2.35,2.423,2.476
2024-06-06,2.3463,2.405,2.444
2024-06-07,2.3375,2.422,2.475
2024-06-10,2.355,2.425,2.476
2024-06-11,2.3363,2.401,2.4613
2024-06-12,2.24,2.322,2.4
2024-06-13,2.2313,2.311,2.3738
2024-06-14,2.1988,2.287,2.374
2024-06-17,2.2425,2.328,2.401
2024-06-18,2.2288,2.342,2.409
2024-06-19,2.2288,2.342,2.409
2024-06-20,2.295,2.377,2.429
2024-06-21,2.3,2.35,2.412
2024-06-24,2.2938,2.34,2.404
2024-06-25,2.2813,2.33,2.3938
2024-06-26,2.3088,2.386,2.446
2024-06-27,2.335,2.385,2.442
2024-06-28,2.3813,2.4225,2.459
2024-07-01,2.4275,2.461,2.495
2024-07-02,2.4,2.425,2.471
2024-07-03,2.3625,2.3975,2.4463
2024-07-04,2.3625,2.3975,2.4463
2024-07-05,2.3613,2.395,2.4488
2024-07-08,2.3575,2.391,2.447
2024-07-09,2.3388,2.3875,2.437
2024-07-10,2.34,2.411,2.4463
2024-07-11,2.2388,2.3438,2.416
2024-07-12,2.21,2.314,2.395
2024-07-15,2.2263,2.356,2.444
2024-07-16,2.195,2.3513,2.429
2024-07-17,2.1988,2.349,2.421
2024-07-18,2.2013,2.3543,2.425
2024-07-19,2.165,2.3411,2.4163
2024-07-22,2.1375,2.328,2.406
2024-07-23,2.1363,2.33,2.407
2024-07-24,2.1338,2.3088,2.393
2024-07-25,2.1275,2.2963,2.387
2024-07-26,2.125,2.296,2.383
2024-07-29,2.1125,2.295,2.3713
2024-07-30,2.0975,2.2938,2.371
2024-07-31,2.1138,2.295,2.388
2024-08-01,1.98,2.2538,2.32
2024-08-02,1.94,2.071,2.1974
2024-08-05,1.9225,2.113,2.222
2024-08-06,1.9838,2.163,2.2738
2024-08-07,1.9913,2.17,2.245
2024-08-08,1.995,2.175,2.272
2024-08-09,1.9975,2.153,2.2563
2024-08-12,2.125,2.155,2.2575
2024-08-13,2.025,2.149,2.2338
2024-08-14,2.0125,2.1163,2.22
2024-08-15,2.04,2.182,2.253
2024-08-16,2.04,2.134,2.2175
2024-08-19,1.9913,2.14,2.223
2024-08-20,1.965,2.14,2.227
2024-08-21,1.9575,2.135,2.2213
2024-08-22,1.99,2.17,2.255
2024-08-23,2.045,2.209,2.286
2024-08-26,2.0913,2.2325,2.302
2024-08-27,2.0763,2.235,2.308
2024-08-28,2.07,2.235,2.304
2024-08-29,2.0875,2.2413,2.31
2024-08-30,2.065,2.234,2.295
2024-09-02,2.0625,2.2188,2.295
2024-09-03,2.02,2.175,2.2613
2024-09-04,1.945,2.106,2.2038
2024-09-05,1.9213,2.0775,2.1788
2024-09-06,1.7775,2.0663,2.1725
2024-09-09,1.9263,2.0863,2.185
2024-09-10,1.9013,2.0588,2.158
2024-09-11,1.96,2.1025,2.1838
2024-09-12,2.1575,2.1313,2.21
2024-09-13,2.0263,2.1338,2.211
2024-09-16,2.0453,2.146,2.222
2024-09-17,2.0738,2.1625,2.238
2024-09-18,2.0975,2.2025,2.228
2024-09-19,2.1513,2.239,2.3
2024-09-20,2.125,2.2375,2.2713
2024-09-23,2.1113,2.234,2.291
2024-09-24,2.1438,2.26,2.305
2024-09-25,2.1275,2.248,2.3025
2024-09-26,2.115,2.233,2.299
2024-09-27,2.1163,2.24,2.2813
2024-09-30,2.1238,2.254,2.313
2024-10-01,2.155,2.263,2.32
2024-10-02,2.1838,2.28,2.333
2024-10-03,2.2375,2.276,2.324
2024-10-04,2.2563,2.3,2.347
2024-10-07,2.31,2.351,2.381
2024-10-08,2.2788,2.354,2.395
2024-10-09,2.2768,2.3739,2.4138
2024-10-10,2.3775,2.4275,2.4413
2024-10-11,2.3938,2.4363,2.448
2024-10-14,2.3975,2.4375,2.4488
2024-10-15,2.3207,2.382,2.4029
2024-10-16,2.32,2.374,2.395
2024-10-17,2.335,2.398,2.438
2024-10-18,2.3325,2.395,2.4275
2024-10-21,2.3375,2.369,2.413
2024-10-22,2.375,2.419,2.445
2024-10-23,2.3663,2.392,2.426
2024-10-24,2.3338,2.364,2.411
2024-10-25,2.345,2.342,2.3875
2024-10-28,2.3075,2.347,2.39
2024-10-29,2.3013,2.355,2.398
2024-10-30,2.365,2.416,2.445
2024-10-31,2.37,2.427,2.426
2024-11-01,2.3675,2.424,2.436
2024-11-04,2.3275,2.375,2.397
2024-11-05,2.3363,2.402,2.41
2024-11-06,2.5825,2.526,2.5075
2024-11-07,2.5288,2.4738,2.4713
2024-11-08,2.5413,2.496,2.494
2024-11-11,2.54,2.495,2.4888
2024-11-12,2.5375,2.501,2.5025
2024-11-13,2.5425,2.49,2.4913
2024-11-14,2.545,2.468,2.4725
2024-11-15,2.5483,2.458,2.457
2024-11-18,2.5663,2.474,2.463
2024-11-19,2.585,2.47,2.452
2024-11-20,2.6163,2.488,2.4638
2024-11-21,2.6375,2.478,2.455
2024-11-22,2.6188,2.475,2.455
2024-11-25,2.5088,2.412,2.41
2024-11-26,2.5263,2.389,2.381
2024-11-27,2.4813,2.387,2.38
2024-11-28,2.4788,2.39,2.3888
2024-11-29,2.4263,2.3763,2.3788
2024-12-02,2.4763,2.378,2.355
2024-12-03,2.5063,2.4238,2.384
2024-12-04,2.5188,2.411,2.383
2024-12-05,2.5113,2.382,2.36
2024-12-06,2.4725,2.355,2.339
2024-12-09,2.4763,2.365,2.362
2024-12-10,2.485,2.376,2.375
2024-12-11,2.5125,2.4063,2.391
2024-12-12,2.5413,2.419,2.403
2024-12-13,2.5263,2.426,2.411
2024-12-16,2.495,2.393,2.385
2024-12-17,2.4663,2.3713,2.363
2024-12-18,2.4663,2.3713,2.38
2024-12-19,2.4425,2.346,2.363
2024-12-20,2.5063,2.339,2.353
2024-12-23,2.5075,2.363,2.374
2024-12-24,2.5088,2.3988,2.4025
2024-12-25,2.5088,2.3988,2.4025
2024-12-26,2.475,2.39,2.407
2024-12-27,2.455,2.373,2.402
2024-12-30,2.4275,2.347,2.369
2024-12-31,2.4438,2.3663,2.3813
2025-01-01,2.4438,2.3663,2.3813
2025-01-02,2.4648,2.3713,2.3788
2025-01-03,2.4475,2.375,2.378
2025-01-06,2.4388,2.3688,2.387
2025-01-07,2.4688,2.408,2.431
2025-01-08,2.5088,2.439,2.464
2025-01-09,2.51,2.436,2.4475
2025-01-10,2.5875,2.4883,2.495
2025-01-13,2.6075,2.522,2.511
2025-01-14,2.6763,2.515,2.496
2025-01-15,2.6175,2.4875,2.464
2025-01-16,2.6088,2.465,2.4563
2025-01-17,2.6213,2.4525,2.481
2025-01-20,2.62,2.4763,2.48
2025-01-21,2.5475,2.4288,2.454
2025-01-22,2.5413,2.4413,2.466
2025-01-23,2.555,2.4713,2.497
2025-01-24,2.5313,2.468,2.488
2025-01-27,2.5113,2.449,2.465
2025-01-28,2.5438,2.4763,2.481
2025-01-29,2.5375,2.4763,2.478
2025-01-30,2.5338,2.447,2.457
2025-01-31,2.565,2.485,2.483
2025-02-03,2.67,2.549,2.516
2025-02-04,2.6425,2.535,2.5113
2025-02-05,2.6088,2.503,2.476
2025-02-06,2.6113,2.498,2.4763
2025-02-07,2.6375,2.5163,2.491
2025-02-10,2.6763,2.538,2.505
2025-02-11,2.6988,2.559,2.52
2025-02-12,2.7525,2.581,2.5463
2025-02-13,2.7325,2.555,2.52
2025-02-14,2.6788,2.531,2.503
2025-02-17,2.68,2.5588,2.5113
2025-02-18,2.6788,2.55,2.5325
2025-02-19,2.7425,2.5613,2.5288
2025-02-20,2.7338,2.561,2.53
2025-02-21,2.6725,2.5,2.465
2025-02-24,2.6783,2.485,2.4718
2025-02-25,2.6463,2.461,2.411
2025-02-26,2.61,2.446,2.403
2025-02-27,2.6588,2.4563,2.405
2025-02-28,2.6538,2.559,2.525
2025-03-03,2.6463,2.4738,2.404
2025-03-04,2.69,2.453,2.393
2025-03-05,2.64,2.425,2.365
2025-03-06,2.5925,2.396,2.36
2025-03-07,2.6113,2.389,2.354
2025-03-10,2.6175,2.374,2.343
2025-03-11,2.6388,2.374,2.337
2025-03-12,2.685,2.413,2.369
2025-03-13,2.6175,2.337,2.345
2025-03-14,2.6088,2.3725,2.355
2025-03-17,2.6,2.37,2.346
2025-03-18,2.585,2.358,2.345
2025-03-19,2.5878,2.3623,2.368
2025-03-20,2.6238,2.41,2.371
2025-03-21,2.6213,2.4075,2.376
2025-03-24,2.665,2.435,2.391
2025-03-25,2.6788,2.44,2.389
2025-03-26,2.695,2.466,2.407
2025-03-27,2.765,2.499,2.447
2025-03-28,2.77,2.494,2.415
2025-03-31,2.8375,2.253,2.196
2025-04-01,2.7838,2.457,2.38
2025-04-02,2.7838,2.275,2.208
2025-04-03,2.8613,2.416,2.3288
2025-04-04,2.6875,2.279,2.238
2025-04-07,2.6925,2.238,2.255
2025-04-08,2.7913,2.303,2.262
2025-04-09,2.8113,2.406,2.3438
2025-04-10,2.5788,2.266,2.2088
2025-04-11,2.6688,2.2675,2.266
2025-04-14,2.69,2.303,2.285
2025-04-15,2.645,2.277,2.209
2025-04-16,2.6163,2.23,2.224
2025-04-17,2.7438,2.2863,2.269
2025-04-18,2.7438,2.2863,2.269
2025-04-21,2.6788,2.277,2.276
2025-04-22,2.73,2.3175,2.326
2025-04-23,2.6888,2.365,2.348
2025-04-24,2.8313,2.423,2.365
2025-04-25,2.7988,2.4,2.341
2025-04-28,2.7988,2.384,2.315
2025-04-29,2.77,2.361,2.309
2025-04-30,2.775,2.38,2.33
2025-05-01,2.8075,2.389,2.331
2025-05-02,2.7375,2.375,2.337
2025-05-05,2.7263,2.405,2.364
2025-05-06,2.7613,2.414,2.361
2025-05-07,2.75,2.406,2.3513
2025-05-08,2.8275,2.456,2.38
2025-05-09,2.8363,2.466,2.394
2025-05-12,2.6425,2.44,2.389
2025-05-13,2.68,2.46,2.429
2025-05-14,2.7713,2.509,2.459
2025-05-15,2.7438,2.475,2.422
2025-05-16,2.7725,2.49,2.432
2025-05-19,2.7763,2.495,2.427
2025-05-20,2.8,2.479,2.43
2025-05-21,2.8238,2.5,2.444
2025-05-22,2.8225,2.4975,2.434
2025-05-23,2.82,2.48,2.4175
2025-05-26,2.82,2.48,2.4188
2025-05-27,2.8038,2.4788,2.417
2025-05-28,2.7875,2.474,2.418
2025-05-29,2.75,2.4725,2.411
2025-05-30,2.7675,2.476,2.4213
2025-06-02,2.7625,2.4675,2.411
2025-06-03,2.725,2.447,2.403
2025-06-04,2.6938,2.404,2.3825
2025-06-05,2.6913,2.409,2.3813
2025-06-06,2.7113,2.439,2.406
2025-06-09,2.72,2.44,2.4088
2025-06-10,2.6888,2.417,2.395
2025-06-11,2.625,2.391,2.379
2025-06-12,2.6034,2.368,2.357
2025-06-13,2.645,2.4075,2.374
2025-06-16,2.6613,2.4213,2.401
2025-06-17,2.7025,2.433,2.41
2025-06-18,3.0213,2.434,2.405
2025-06-19,3.0213,2.434,2.405
2025-06-20,2.7369,2.4509,2.4347
2025-06-23,2.7038,2.426,2.406
2025-06-24,2.635,2.385,2.384
2025-06-25,2.6438,2.387,2.385
2025-06-26,2.6438,2.4,2.388
2025-06-27,2.6588,2.415,2.41
2025-06-30,2.6588,2.422,2.399
2025-07-01,2.665,2.434,2.411
2025-07-02,2.696,2.461,2.4288
2025-07-03,2.751,2.4815,2.4475
2025-07-04,2.751,2.4815,2.4475
2025-07-07,2.85,2.525,2.5025
2025-07-08,2.8113,2.524,2.486
2025-07-09,2.7763,2.508,2.468
2025-07-10,2.7788,2.514,2.4675
2025-07-11,2.8438,2.56,2.5063
2025-07-14,2.8663,2.576,2.517
2025-07-15,2.8838,2.585,2.5213
2025-07-16,2.8938,2.6288,2.535
2025-07-17,2.9363,2.641,2.55
2025-07-18,2.935,2.62,2.534
2025-07-21,2.945,2.614,2.524
2025-07-22,2.9238,2.5975,2.5038
2025-07-23,2.8825,2.557,2.483
2025-07-24,2.8975,2.596,2.525
2025-07-25,2.8725,2.584,2.516
2025-07-28,2.8838,2.586,2.5213
2025-07-29,2.9138,2.589,2.505
2025-07-30,2.9263,2.589,2.5025
2025-07-31,2.8763,2.57,2.481
2025-08-01,2.8163,2.503,2.44
2025-08-04,2.8238,2.52,2.445
2025-08-05,2.8225,2.522,2.438
2025-08-06,2.8188,2.51,2.424
2025-08-07,2.8563,2.565,2.454
2025-08-08,2.8838,2.5825,2.491
2025-08-11,2.9,2.603,2.501
2025-08-12,2.8575,2.571,2.4763
2025-08-13,2.855,2.568,2.475
2025-08-14,2.865,2.582,2.495
2025-08-15,2.835,2.566,2.484
2025-08-18,2.845,2.556,2.479
2025-08-19,2.8463,2.534,2.457
2025-08-20,2.8563,2.5363,2.452
2025-08-21,2.9375,2.6075,2.51
2025-08-22,2.9363,2.606,2.498
2025-08-25,2.9463,2.615,2.512
2025-08-26,2.9538,2.638,2.525
2025-08-27,2.9963,2.6538,2.535
2025-08-28,2.995,2.633,2.512
2025-08-29,2.975,2.623,2.5113
2025-09-01,2.975,2.625,2.5113
2025-09-02,2.975,2.619,2.51
2025-09-03,2.9088,2.604,2.509
2025-09-04,2.8738,2.574,2.486
2025-09-05,2.8288,2.548,2.487
2025-09-08,2.8363,2.549,2.4663
2025-09-09,2.8425,2.559,2.472
2025-09-10,2.8475,2.55,2.462
2025-09-11,2.7988,2.535,2.46
2025-09-12,2.82,2.543,2.466
2025-09-15,2.8188,2.535,2.459
2025-09-16,2.845,2.54,2.4638
2025-09-17,2.8538,2.56,2.479
2025-09-18,2.855,2.577,2.486
2025-09-19,2.8525,2.566,2.48
2025-09-22,2.8338,2.546,2.463
2025-09-23,2.8288,2.561,2.472
2025-09-24,2.84,2.576,2.479
2025-09-25,2.8413,2.584,2.486
2025-09-26,2.8413,2.579,2.486
2025-09-29,2.8175,2.555,2.465
2025-09-30,2.8113,2.555,2.47
2025-10-01,2.7975,2.5175,2.446
2025-10-02,2.7688,2.513,2.434
2025-10-03,2.7663,2.507,2.439
2025-10-06,2.7825,2.527,2.45
2025-10-07,2.7813,2.534,2.458
2025-10-08,2.7825,2.542,2.467
2025-10-09,2.7625,2.531,2.4613
2025-10-10,2.76,2.481,2.424
2025-10-13,2.76,2.4775,2.4138
2025-10-14,2.695,2.46,2.3988
2025-10-15,2.6938,2.4438,2.408
2025-10-16,2.6613,2.431,2.392
2025-10-17,2.655,2.429,2.388
2025-10-20,2.64,2.414,2.379
2025-10-21,2.6613,2.43,2.385
2025-10-22,2.6838,2.45,2.4025
2025-10-23,2.6975,2.461,2.418
2025-10-24,2.6475,2.434,2.404
2025-10-27,2.6275,2.4288,2.39
2025-10-28,2.5963,2.422,2.39
2025-10-29,2.5688,2.419,2.395
2025-10-30,2.5638,2.427,2.396
2025-10-31,2.575,2.44,2.4025
2025-11-03,2.585,2.443,2.409
2025-11-04,2.5838,2.429,2.397
2025-11-05,2.5663,2.4288,2.4025
2025-11-06,2.5263,2.398,2.377
2025-11-07,2.5163,2.39,2.372
2025-11-10,2.5275,2.406,2.388
2025-11-11,2.5288,2.41,2.387
2025-11-12,2.5063,2.39,2.3775
2025-11-13,2.5113,2.393,2.383
2025-11-14,2.51,2.402,2.395
2025-11-17,2.5125,2.384,2.3813
2025-11-18,2.47,2.372,2.37
2025-11-19,2.4475,2.374,2.367
2025-11-20,2.4275,2.349,2.3425
2025-11-21,2.4088,2.332,2.344
2025-11-24,2.385,2.306,2.319
2025-11-25,2.3575,2.3238,2.314
2025-11-26,2.3888,2.32,2.327
2025-11-27,2.3888,2.3188,2.3363
2025-11-28,2.4075,2.3175,2.318
2025-12-01,2.4213,2.326,2.3338
2025-12-02,2.4213,2.319,2.329
2025-12-03,2.4088,2.319,2.331
2025-12-04,2.4125,2.346,2.354
2025-12-05,2.4363,2.3548,2.36
2025-12-08,2.395,2.351,2.362
2025-12-09,2.3,2.34,2.354
2025-12-10,2.35,2.3288,2.355
2025-12-11,2.3463,2.3438,2.356
2025-12-12,2.3488,2.3488,2.3738
2025-12-15,2.2938,2.319,2.352
2025-12-16,2.225,2.2775,2.328
2025-12-17,2.24,2.2788,2.326
2025-12-18,2.2275,2.264,2.3225
2025-12-19,2.2313,2.277,2.3218
2025-12-22,2.235,2.267,2.3113
2025-12-23,2.2275,2.265,2.312
2025-12-24,2.3088,2.2538,2.307
2025-12-25,2.3088,2.2538,2.307
2025-12-26,2.19,2.245,2.306
2025-12-29,2.1913,2.232,2.294
2025-12-30,2.1913,2.238,2.303
2025-12-31,2.1738,2.1925,2.2525
2026-01-01,2.1738,2.1925,2.2525
2026-01-02,2.2213,2.267,2.317
2026-01-05,2.2263,2.278,2.3313
2026-01-06,2.245,2.2775,2.334
2026-01-07,2.2463,2.279,2.327
2026-01-08,2.2875,2.287,2.33
2026-01-09,2.3,2.29,2.329
2026-01-12,2.3163,2.323,2.343
2026-01-13,2.32,2.326,2.3475
2026-01-14,2.3238,2.3188,2.3375
2026-01-15,2.305,2.3113,2.3475
2026-01-16,2.3113,2.329,2.3638
2026-01-19,2.31,2.3288,2.3625
2026-01-20,2.3163,2.334,2.367
2026-01-21,2.3388,2.364,2.3938
2026-01-22,2.3475,2.3613,2.379
2026-01-23,2.3788,2.388,2.3888
2026-01-26,2.3763,2.388,2.394
2026-01-27,2.425,2.409,2.411
2026-01-28,2.4963,2.438,2.437
2026-01-29,2.52,2.452,2.421
2026-01-30,2.5075,2.438,2.42
2026-02-02,2.4575,2.422,2.4138
2026-02-03,2.4813,2.431,2.415
2026-02-04,2.4438,2.405,2.405
2026-02-05,2.3688,2.3513,2.368
2026-02-06,2.405,2.378,2.39
2026-02-09,2.4113,2.388,2.393
2026-02-10,2.3725,2.362,2.372
2026-02-11,2.3913,2.3763,2.384
2026-02-12,2.3488,2.355,2.366
2026-02-13,2.29,2.301,2.3338
2026-02-16,2.2913,2.3025,2.3338
2026-02-17,2.265,2.28,2.3245
2026-02-18,2.2875,2.305,2.331
2026-02-19,2.3113,2.31,2.333
2026-02-20,2.3063,2.3113,2.3288
2026-02-23,2.2875,2.2738,2.3
2026-02-24,2.285,2.2713,2.298
2026-02-25,2.315,2.2938,2.317
2026-02-26,2.345,2.312,2.329
2026-02-27,2.3325,2.2735,2.2888
2026-03-02,2.38,2.323,2.3363
2026-03-03,2.3925,2.335,2.329
2026-03-04,2.4025,2.327,2.325
2026-03-05,2.4763,2.372,2.345
2026-03-06,2.5913,2.4388,2.3725
2026-03-09,2.47,2.3863,2.3513
2026-03-10,2.5188,2.4163,2.3625
2026-03-11,2.5963,2.4388,2.394
2026-03-12,2.6588,2.474,2.4025
2026-03-13,2.6575,2.459,2.373
2026-03-16,2.6375,2.443,2.364
2026-03-17,2.71,2.479,2.3838
2026-03-18,2.8513,2.541,2.429
2026-03-19,2.7925,2.491,2.4013
2026-03-20,2.85,2.501,2.3775
2026-03-23,2.65,2.405,2.345
2026-03-24,2.645,2.414,2.338
2026-03-25,2.6225,2.3988,2.3275
2026-03-26,2.7263,2.429,2.34
2026-03-27,2.7388,2.44,2.315
2026-03-30,2.7575,2.454,2.33
2026-03-31,2.73,2.436,2.34
2026-04-01,2.69,2.422,2.335
2026-04-02,2.7438,2.475,2.3888
2026-04-03,2.82,2.5125,2.392
2026-04-06,2.8,2.5013,2.385
2026-04-07,2.7975,2.505,2.388
2026-04-08,2.715,2.45,2.363
2026-04-09,2.7113,2.458,2.3775
2026-04-10,2.745,2.489,2.4075
2026-04-13,2.7825,2.52,2.42
2026-04-14,2.7638,2.491,2.4
2026-04-15,2.7875,2.505,2.414
2026-04-16,2.7888,2.5163,2.4163
2026-04-17,2.6963,2.4538,2.38
2026-04-20,2.7188,2.4663,2.378
2026-04-21,2.745,2.4963,2.398
2026-04-22,2.7788,2.5213,2.416
2026-04-23,2.8613,2.557,2.4388
2026-04-24,2.8875,2.584,2.448
2026-04-27,2.9513,2.621,2.4663
2026-04-28,2.9663,2.62,2.47
2026-04-29,3.0088,2.662,2.4925
2026-04-30,2.9563,2.645,2.493
2026-05-01,2.9688,2.6775,2.513
2026-05-04,3.0438,2.705,2.541
2026-05-05,2.9813,2.665,2.498
2026-05-06,2.8413,2.582,2.4475
2026-05-07,2.7975,2.604,2.496
2026-05-08,2.8481,2.617,2.489
2026-05-11,2.9425,2.665,2.5213
2026-05-12,3.015,2.6975,2.522
2026-05-13,2.9825,2.679,2.515
2026-05-14,2.9338,2.6463,2.505
2026-05-15,2.975,2.683,2.531
2026-05-18,2.9575,2.661,2.528
2026-05-19,2.8775,2.659,2.533
2026-05-20,2.8463,2.596,2.4713
2026-05-21,2.7963,2.5738,2.47
2026-05-22,2.7725,2.556,2.447
2026-05-25,2.7725,2.53,2.4475
2026-05-26,2.7288,2.543,2.458
2026-05-27,2.7463,2.555,2.458
2026-05-28,2.7538,2.5613,2.4563
2026-05-29,2.7375,2.548,2.456
2026-06-01,2.7738,2.569,2.46
2026-06-02,2.7875,2.541,2.441
2026-06-03,2.825,2.5253,2.434
2026-06-04,2.74,2.5038,2.424
2026-06-05,2.73,2.5013,2.425
2026-06-08,2.7325,2.485,2.4038
2026-06-09,2.6938,2.465,2.39
2026-06-10,2.68,2.4625,2.3825
2026-06-11,2.5788,2.4,2.3488
2026-06-12,2.535,2.42,2.371
2026-06-15,2.5388,2.431,2.381
