date,US2Y,US5Y,US10Y,US30Y
2020-05-11,0.181,0.359,0.726,1.444
2020-05-12,0.173,0.335,0.679,1.382
2020-05-13,0.161,0.318,0.651,1.34
2020-05-14,0.149,0.3,0.619,1.296
2020-05-15,0.149,0.308,0.64,1.32
2020-05-18,0.183,0.377,0.742,1.456
2020-05-19,0.173,0.348,0.711,1.436
2020-05-20,0.161,0.33,0.679,1.398
2020-05-21,0.167,0.338,0.677,1.398
2020-05-22,0.168,0.333,0.659,1.372
2020-05-26,0.178,0.351,0.698,1.439
2020-05-27,0.182,0.343,0.677,1.433
2020-05-28,0.176,0.346,0.705,1.475
2020-05-29,0.156,0.3,0.644,1.404
2020-06-01,0.158,0.302,0.662,1.455
2020-06-02,0.168,0.319,0.68,1.479
2020-06-03,0.2,0.377,0.761,1.551
2020-06-04,0.194,0.404,0.82,1.626
2020-06-05,0.216,0.477,0.905,1.678
2020-06-08,0.23,0.453,0.884,1.658
2020-06-09,0.206,0.407,0.829,1.584
2020-06-10,0.179,0.337,0.748,1.52
2020-06-11,0.179,0.302,0.653,1.403
2020-06-12,0.191,0.326,0.699,1.447
2020-06-15,0.189,0.326,0.702,1.449
2020-06-16,0.203,0.35,0.754,1.538
2020-06-17,0.197,0.339,0.733,1.523
2020-06-18,0.195,0.326,0.694,1.461
2020-06-19,0.188,0.327,0.699,1.47
2020-06-22,0.192,0.335,0.704,1.462
2020-06-23,0.192,0.325,0.709,1.489
2020-06-24,0.188,0.316,0.684,1.446
2020-06-25,0.184,0.326,0.674,1.417
2020-06-26,0.168,0.297,0.638,1.372
2020-06-29,0.16,0.281,0.636,1.39
2020-06-30,0.154,0.288,0.653,1.411
2020-07-01,0.164,0.313,0.682,1.434
2020-07-02,0.155,0.297,0.671,1.433
2020-07-06,0.161,0.307,0.684,1.442
2020-07-07,0.165,0.293,0.648,1.389
2020-07-08,0.155,0.291,0.653,1.392
2020-07-09,0.151,0.274,0.605,1.309
2020-07-10,0.155,0.298,0.633,1.326
2020-07-13,0.159,0.298,0.64,1.337
2020-07-14,0.155,0.282,0.614,1.301
2020-07-15,0.155,0.285,0.63,1.331
2020-07-16,0.147,0.275,0.612,1.301
2020-07-17,0.147,0.282,0.628,1.329
2020-07-20,0.149,0.285,0.62,1.318
2020-07-21,0.143,0.271,0.607,1.313
2020-07-22,0.147,0.269,0.595,1.29
2020-07-23,0.149,0.266,0.582,1.25
2020-07-24,0.149,0.274,0.589,1.239
2020-07-27,0.156,0.285,0.609,1.252
2020-07-28,0.143,0.266,0.581,1.223
2020-07-29,0.129,0.253,0.581,1.244
2020-07-30,0.121,0.23,0.541,1.197
2020-07-31,0.111,0.214,0.536,1.197
2020-08-03,0.115,0.225,0.563,1.244
2020-08-04,0.111,0.195,0.513,1.191
2020-08-05,0.117,0.218,0.543,1.219
2020-08-06,0.117,0.214,0.536,1.201
2020-08-07,0.127,0.229,0.562,1.229
2020-08-10,0.131,0.234,0.574,1.247
2020-08-11,0.161,0.29,0.658,1.347
2020-08-12,0.159,0.296,0.67,1.365
2020-08-13,0.165,0.318,0.716,1.427
2020-08-14,0.149,0.299,0.709,1.441
2020-08-17,0.151,0.285,0.683,1.424
2020-08-18,0.145,0.279,0.669,1.399
2020-08-19,0.141,0.277,0.675,1.415
2020-08-20,0.141,0.268,0.644,1.377
2020-08-21,0.147,0.272,0.64,1.353
2020-08-24,0.153,0.28,0.646,1.349
2020-08-25,0.153,0.292,0.682,1.387
2020-08-26,0.154,0.29,0.687,1.406
2020-08-27,0.158,0.31,0.746,1.5
2020-08-28,0.135,0.275,0.729,1.508
2020-08-31,0.131,0.263,0.693,1.452
2020-09-01,0.133,0.255,0.671,1.424
2020-09-02,0.137,0.256,0.651,1.375
2020-09-03,0.125,0.237,0.622,1.341
2020-09-04,0.151,0.305,0.723,1.471
2020-09-08,0.141,0.272,0.684,1.423
2020-09-09,0.145,0.278,0.703,1.46
2020-09-10,0.141,0.266,0.684,1.433
2020-09-11,0.129,0.253,0.667,1.416
2020-09-14,0.137,0.261,0.669,1.408
2020-09-15,0.139,0.269,0.679,1.43
2020-09-16,0.139,0.274,0.687,1.447
2020-09-17,0.133,0.271,0.682,1.427
2020-09-18,0.139,0.279,0.694,1.452
2020-09-21,0.137,0.268,0.671,1.426
2020-09-22,0.135,0.26,0.664,1.415
2020-09-23,0.139,0.271,0.676,1.425
2020-09-24,0.135,0.275,0.664,1.401
2020-09-25,0.131,0.267,0.659,1.405
2020-09-28,0.131,0.266,0.663,1.423
2020-09-29,0.125,0.25,0.645,1.406
2020-09-30,0.125,0.27,0.677,1.452
2020-10-01,0.131,0.272,0.677,1.455
2020-10-02,0.133,0.285,0.694,1.48
2020-10-05,0.145,0.324,0.762,1.567
2020-10-06,0.147,0.315,0.74,1.537
2020-10-07,0.157,0.345,0.785,1.589
2020-10-08,0.147,0.326,0.767,1.566
2020-10-09,0.153,0.336,0.775,1.574
2020-10-13,0.141,0.302,0.727,1.514
2020-10-14,0.139,0.302,0.722,1.499
2020-10-15,0.141,0.314,0.734,1.509
2020-10-16,0.145,0.318,0.744,1.529
2020-10-19,0.147,0.33,0.762,1.548
2020-10-20,0.147,0.343,0.797,1.603
2020-10-21,0.149,0.351,0.816,1.629
2020-10-22,0.155,0.375,0.848,1.658
2020-10-23,0.155,0.37,0.841,1.646
2020-10-26,0.149,0.349,0.803,1.594
2020-10-27,0.149,0.333,0.778,1.571
2020-10-28,0.15,0.333,0.781,1.571
2020-10-29,0.152,0.373,0.836,1.625
2020-10-30,0.152,0.381,0.859,1.636
2020-11-02,0.158,0.375,0.848,1.623
2020-11-03,0.168,0.391,0.881,1.654
2020-11-04,0.145,0.323,0.768,1.549
2020-11-05,0.151,0.335,0.778,1.545
2020-11-06,0.155,0.363,0.82,1.598
2020-11-09,0.183,0.447,0.958,1.751
2020-11-10,0.185,0.46,0.972,1.76
2020-11-12,0.177,0.396,0.886,1.652
2020-11-13,0.179,0.403,0.893,1.648
2020-11-16,0.179,0.408,0.906,1.659
2020-11-17,0.175,0.386,0.872,1.625
2020-11-18,0.175,0.398,0.882,1.62
2020-11-19,0.169,0.386,0.855,1.578
2020-11-20,0.163,0.376,0.829,1.531
2020-11-23,0.165,0.388,0.859,1.563
2020-11-24,0.164,0.397,0.882,1.603
2020-11-25,0.16,0.389,0.878,1.62
2020-11-27,0.154,0.369,0.842,1.577
2020-11-30,0.147,0.361,0.842,1.571
2020-12-01,0.174,0.427,0.934,1.676
2020-12-02,0.164,0.421,0.946,1.704
2020-12-03,0.155,0.405,0.921,1.669
2020-12-04,0.153,0.423,0.969,1.731
2020-12-07,0.143,0.389,0.928,1.688
2020-12-08,0.151,0.388,0.913,1.66
2020-12-09,0.153,0.408,0.941,1.689
2020-12-10,0.139,0.383,0.908,1.636
2020-12-11,0.121,0.361,0.891,1.625
2020-12-14,0.117,0.357,0.891,1.629
2020-12-15,0.123,0.375,0.921,1.664
2020-12-16,0.119,0.37,0.92,1.664
2020-12-17,0.127,0.377,0.93,1.675
2020-12-18,0.123,0.381,0.948,1.7
2020-12-21,0.123,0.381,0.941,1.684
2020-12-22,0.119,0.365,0.918,1.654
2020-12-23,0.121,0.377,0.955,1.698
2020-12-24,0.121,0.365,0.93,1.666
2020-12-28,0.125,0.364,0.933,1.669
2020-12-29,0.127,0.377,0.935,1.674
2020-12-30,0.127,0.37,0.926,1.662
2020-12-31,0.121,0.359,0.912,1.642
2021-01-04,0.115,0.354,0.917,1.656
2021-01-05,0.123,0.377,0.955,1.704
2021-01-06,0.145,0.432,1.042,1.821
2021-01-07,0.139,0.454,1.071,1.845
2021-01-08,0.137,0.479,1.107,1.863
2021-01-11,0.145,0.498,1.134,1.878
2021-01-12,0.147,0.504,1.138,1.885
2021-01-13,0.147,0.474,1.088,1.818
2021-01-14,0.147,0.484,1.129,1.874
2021-01-15,0.137,0.455,1.097,1.852
2021-01-19,0.131,0.447,1.092,1.839
2021-01-20,0.131,0.449,1.09,1.842
2021-01-21,0.125,0.447,1.107,1.871
2021-01-22,0.125,0.434,1.091,1.856
2021-01-25,0.121,0.41,1.04,1.799
2021-01-26,0.125,0.413,1.04,1.802
2021-01-27,0.119,0.407,1.014,1.78
2021-01-28,0.121,0.43,1.055,1.819
2021-01-29,0.117,0.445,1.094,1.858
2021-02-01,0.111,0.424,1.077,1.846
2021-02-02,0.117,0.445,1.107,1.878
2021-02-03,0.117,0.459,1.131,1.912
2021-02-04,0.115,0.459,1.139,1.932
2021-02-05,0.107,0.467,1.17,1.974
2021-02-08,0.111,0.475,1.16,1.944
2021-02-09,0.117,0.474,1.157,1.947
2021-02-10,0.113,0.456,1.133,1.924
2021-02-11,0.111,0.461,1.158,1.946
2021-02-12,0.111,0.485,1.2,2.004
2021-02-16,0.123,0.561,1.299,2.09
2021-02-17,0.111,0.566,1.299,2.069
2021-02-18,0.109,0.548,1.287,2.076
2021-02-19,0.109,0.581,1.345,2.14
2021-02-22,0.115,0.597,1.369,2.18
2021-02-23,0.122,0.579,1.364,2.199
2021-02-24,0.127,0.626,1.389,2.242
2021-02-25,0.166,0.8,1.515,2.309
2021-02-26,0.145,0.776,1.456,2.182
2021-03-01,0.123,0.711,1.446,2.221
2021-03-02,0.123,0.677,1.415,2.215
2021-03-03,0.141,0.727,1.47,2.251
2021-03-04,0.145,0.782,1.55,2.308
2021-03-05,0.141,0.785,1.554,2.288
2021-03-08,0.163,0.85,1.594,2.304
2021-03-09,0.167,0.821,1.544,2.259
2021-03-10,0.157,0.792,1.52,2.242
2021-03-11,0.143,0.778,1.527,2.281
2021-03-12,0.151,0.847,1.635,2.401
2021-03-15,0.153,0.83,1.607,2.368
2021-03-16,0.151,0.824,1.623,2.391
2021-03-17,0.129,0.782,1.641,2.438
2021-03-18,0.159,0.867,1.729,2.476
2021-03-19,0.151,0.882,1.732,2.451
2021-03-22,0.149,0.858,1.682,2.382
2021-03-23,0.149,0.829,1.638,2.348
2021-03-24,0.145,0.814,1.614,2.315
2021-03-25,0.137,0.819,1.614,2.334
2021-03-26,0.141,0.856,1.66,2.367
2021-03-29,0.145,0.891,1.721,2.424
2021-03-30,0.148,0.91,1.726,2.396
2021-03-31,0.16,0.938,1.746,2.423
2021-04-01,0.16,0.907,1.679,2.34
2021-04-02,0.162,0.906,1.673,2.334
2021-04-05,0.174,0.941,1.72,2.363
2021-04-06,0.161,0.872,1.656,2.316
2021-04-07,0.153,0.858,1.654,2.336
2021-04-08,0.149,0.84,1.632,2.322
2021-04-09,0.157,0.868,1.666,2.339
2021-04-12,0.171,0.892,1.676,2.348
2021-04-13,0.161,0.84,1.623,2.308
2021-04-14,0.163,0.86,1.636,2.324
2021-04-15,0.157,0.792,1.53,2.209
2021-04-16,0.163,0.823,1.573,2.263
2021-04-19,0.161,0.829,1.599,2.293
2021-04-20,0.153,0.795,1.562,2.26
2021-04-21,0.149,0.8,1.564,2.263
2021-04-22,0.151,0.802,1.556,2.241
2021-04-23,0.157,0.816,1.567,2.251
2021-04-26,0.172,0.831,1.57,2.244
2021-04-27,0.18,0.878,1.622,2.293
2021-04-28,0.166,0.865,1.62,2.3
2021-04-29,0.166,0.867,1.64,2.31
2021-04-30,0.162,0.856,1.631,2.3
2021-05-03,0.16,0.83,1.606,2.289
2021-05-04,0.162,0.82,1.592,2.266
2021-05-05,0.159,0.803,1.584,2.258
2021-05-06,0.157,0.796,1.561,2.236
2021-05-07,0.145,0.771,1.579,2.277
2021-05-10,0.153,0.782,1.602,2.319
2021-05-11,0.161,0.801,1.624,2.352
2021-05-12,0.167,0.864,1.695,2.416
2021-05-13,0.159,0.837,1.668,2.395
2021-05-14,0.151,0.816,1.635,2.355
2021-05-17,0.153,0.829,1.64,2.355
2021-05-18,0.151,0.821,1.642,2.364
2021-05-19,0.159,0.863,1.683,2.387
2021-05-20,0.151,0.815,1.634,2.341
2021-05-21,0.157,0.828,1.632,2.333
2021-05-24,0.153,0.807,1.608,2.301
2021-05-25,0.145,0.774,1.564,2.26
2021-05-26,0.147,0.778,1.574,2.26
2021-05-27,0.147,0.814,1.61,2.29
2021-05-28,0.145,0.8,1.593,2.271
2021-06-01,0.147,0.809,1.615,2.296
2021-06-02,0.147,0.796,1.591,2.28
2021-06-03,0.16,0.845,1.627,2.295
2021-06-04,0.149,0.784,1.56,2.239
2021-06-07,0.157,0.793,1.57,2.252
2021-06-08,0.153,0.766,1.528,2.209
2021-06-09,0.155,0.745,1.489,2.168
2021-06-10,0.151,0.732,1.459,2.154
2021-06-11,0.151,0.75,1.462,2.151
2021-06-14,0.161,0.787,1.501,2.19
2021-06-15,0.167,0.785,1.499,2.199
2021-06-16,0.205,0.882,1.569,2.209
2021-06-17,0.213,0.879,1.511,2.101
2021-06-18,0.258,0.886,1.45,2.028
2021-06-21,0.254,0.886,1.485,2.106
2021-06-22,0.236,0.857,1.472,2.105
2021-06-23,0.262,0.88,1.487,2.112
2021-06-24,0.268,0.907,1.487,2.095
2021-06-25,0.27,0.929,1.536,2.169
2021-06-28,0.256,0.894,1.478,2.098
2021-06-29,0.252,0.891,1.48,2.097
2021-06-30,0.249,0.875,1.444,2.067
2021-07-01,0.257,0.902,1.48,2.086
2021-07-02,0.238,0.862,1.432,2.05
2021-07-06,0.222,0.809,1.37,2.003
2021-07-07,0.216,0.78,1.321,1.944
2021-07-08,0.192,0.737,1.288,1.91
2021-07-09,0.217,0.787,1.356,1.982
2021-07-12,0.233,0.796,1.363,1.993
2021-07-13,0.255,0.848,1.415,2.037
2021-07-14,0.229,0.799,1.356,1.989
2021-07-15,0.225,0.775,1.297,1.919
2021-07-16,0.226,0.778,1.299,1.93
2021-07-19,0.21,0.69,1.181,1.815
2021-07-20,0.194,0.674,1.209,1.869
2021-07-21,0.208,0.731,1.282,1.93
2021-07-22,0.202,0.712,1.267,1.903
2021-07-23,0.2,0.717,1.285,1.924
2021-07-26,0.196,0.713,1.276,1.925
2021-07-27,0.203,0.694,1.234,1.889
2021-07-28,0.211,0.74,1.263,1.911
2021-07-29,0.201,0.73,1.269,1.916
2021-07-30,0.188,0.703,1.239,1.894
2021-08-02,0.176,0.65,1.172,1.851
2021-08-03,0.174,0.651,1.174,1.851
2021-08-04,0.182,0.674,1.184,1.841
2021-08-05,0.202,0.718,1.217,1.862
2021-08-06,0.208,0.764,1.288,1.933
2021-08-09,0.22,0.792,1.317,1.961
2021-08-10,0.238,0.823,1.342,1.984
2021-08-11,0.221,0.812,1.339,2.004
2021-08-12,0.227,0.831,1.367,2.012
2021-08-13,0.215,0.788,1.297,1.948
2021-08-16,0.205,0.751,1.257,1.924
2021-08-17,0.215,0.764,1.258,1.919
2021-08-18,0.219,0.778,1.273,1.913
2021-08-19,0.22,0.765,1.242,1.876
2021-08-20,0.224,0.785,1.26,1.873
2021-08-23,0.226,0.772,1.255,1.872
2021-08-24,0.226,0.792,1.29,1.907
2021-08-25,0.245,0.821,1.344,1.961
2021-08-26,0.239,0.843,1.344,1.941
2021-08-27,0.217,0.8,1.312,1.919
2021-08-30,0.203,0.771,1.284,1.899
2021-08-31,0.209,0.771,1.302,1.927
2021-09-01,0.211,0.78,1.302,1.919
2021-09-02,0.213,0.776,1.294,1.907
2021-09-03,0.208,0.785,1.322,1.942
2021-09-07,0.222,0.821,1.371,1.985
2021-09-08,0.218,0.806,1.334,1.952
2021-09-09,0.216,0.787,1.3,1.898
2021-09-10,0.217,0.816,1.341,1.934
2021-09-13,0.215,0.805,1.324,1.904
2021-09-14,0.209,0.781,1.279,1.852
2021-09-15,0.213,0.8,1.304,1.869
2021-09-16,0.217,0.834,1.331,1.881
2021-09-17,0.226,0.866,1.37,1.91
2021-09-20,0.216,0.821,1.309,1.847
2021-09-21,0.216,0.829,1.324,1.857
2021-09-22,0.24,0.867,1.331,1.848
2021-09-23,0.259,0.929,1.41,1.924
2021-09-24,0.274,0.958,1.461,1.987
2021-09-27,0.282,0.983,1.484,1.995
2021-09-28,0.307,1.024,1.536,2.07
2021-09-29,0.297,1.012,1.539,2.087
2021-09-30,0.289,0.995,1.527,2.091
2021-10-01,0.264,0.933,1.467,2.04
2021-10-04,0.28,0.946,1.481,2.048
2021-10-05,0.288,0.978,1.531,2.1
2021-10-06,0.296,0.985,1.524,2.077
2021-10-07,0.307,1.019,1.571,2.133
2021-10-08,0.318,1.048,1.605,2.16
2021-10-12,0.348,1.074,1.58,2.105
2021-10-13,0.368,1.087,1.549,2.041
2021-10-14,0.354,1.05,1.519,2.025
2021-10-15,0.401,1.122,1.576,2.05
2021-10-18,0.421,1.16,1.584,2.017
2021-10-19,0.393,1.155,1.634,2.086
2021-10-20,0.375,1.147,1.635,2.111
2021-10-21,0.436,1.213,1.675,2.128
2021-10-22,0.464,1.211,1.655,2.091
2021-10-25,0.437,1.178,1.635,2.085
2021-10-26,0.45,1.181,1.618,2.051
2021-10-27,0.491,1.137,1.529,1.942
2021-10-28,0.501,1.19,1.569,1.963
2021-10-29,0.495,1.188,1.556,1.941
2021-11-01,0.515,1.196,1.573,1.968
2021-11-02,0.456,1.149,1.547,1.958
2021-11-03,0.478,1.185,1.579,1.986
2021-11-04,0.417,1.104,1.524,1.963
2021-11-05,0.399,1.054,1.453,1.886
2021-11-08,0.449,1.12,1.497,1.888
2021-11-09,0.409,1.068,1.432,1.821
2021-11-10,0.503,1.213,1.558,1.918
2021-11-12,0.522,1.239,1.584,1.955
2021-11-15,0.524,1.257,1.621,2.007
2021-11-16,0.52,1.267,1.634,2.018
2021-11-17,0.504,1.238,1.604,1.997
2021-11-18,0.502,1.223,1.587,1.973
2021-11-19,0.505,1.203,1.536,1.907
2021-11-22,0.582,1.312,1.625,1.978
2021-11-23,0.608,1.334,1.665,2.023
2021-11-24,0.644,1.344,1.644,1.971
2021-11-26,0.52,1.181,1.485,1.83
2021-11-29,0.51,1.185,1.529,1.88
2021-11-30,0.526,1.147,1.441,1.786
2021-12-01,0.563,1.155,1.434,1.778
2021-12-02,0.619,1.21,1.449,1.768
2021-12-03,0.591,1.124,1.341,1.675
2021-12-06,0.635,1.213,1.434,1.758
2021-12-07,0.689,1.256,1.48,1.795
2021-12-08,0.679,1.261,1.509,1.875
2021-12-09,0.686,1.256,1.487,1.866
2021-12-10,0.662,1.253,1.489,1.884
2021-12-13,0.645,1.214,1.424,1.813
2021-12-14,0.659,1.234,1.439,1.819
2021-12-15,0.687,1.258,1.462,1.853
2021-12-16,0.621,1.172,1.422,1.861
2021-12-17,0.642,1.177,1.402,1.817
2021-12-20,0.63,1.164,1.419,1.848
2021-12-21,0.675,1.235,1.487,1.897
2021-12-22,0.667,1.221,1.458,1.857
2021-12-23,0.688,1.242,1.493,1.907
2021-12-27,0.711,1.252,1.481,1.886
2021-12-28,0.75,1.245,1.481,1.902
2021-12-29,0.75,1.295,1.543,1.954
2021-12-30,0.74,1.274,1.515,1.925
2021-12-31,0.732,1.258,1.498,1.889
2022-01-03,0.786,1.369,1.63,2.017
2022-01-04,0.764,1.374,1.666,2.078
2022-01-05,0.83,1.433,1.703,2.087
2022-01-06,0.882,1.477,1.733,2.093
2022-01-07,0.87,1.505,1.769,2.116
2022-01-10,0.904,1.537,1.78,2.109
2022-01-11,0.899,1.507,1.746,2.072
2022-01-12,0.907,1.492,1.725,2.072
2022-01-13,0.899,1.481,1.709,2.054
2022-01-14,0.967,1.546,1.772,2.115
2022-01-18,1.04,1.649,1.868,2.186
2022-01-19,1.025,1.611,1.827,2.139
2022-01-20,1.051,1.618,1.834,2.141
2022-01-21,0.993,1.547,1.747,2.062
2022-01-24,0.953,1.514,1.735,2.085
2022-01-25,1.027,1.567,1.785,2.13
2022-01-26,1.091,1.645,1.846,2.166
2022-01-27,1.192,1.663,1.808,2.091
2022-01-28,1.172,1.622,1.78,2.083
2022-01-31,1.165,1.618,1.782,2.098
2022-02-01,1.165,1.623,1.8,2.124
2022-02-02,1.156,1.6,1.766,2.094
2022-02-03,1.192,1.661,1.827,2.145
2022-02-04,1.322,1.788,1.932,2.233
2022-02-07,1.296,1.765,1.916,2.218
2022-02-08,1.341,1.808,1.956,2.251
2022-02-09,1.348,1.8,1.929,2.232
2022-02-10,1.56,1.944,2.029,2.309
2022-02-11,1.516,1.866,1.951,2.255
2022-02-14,1.589,1.918,1.996,2.301
2022-02-15,1.569,1.935,2.045,2.361
2022-02-16,1.529,1.919,2.045,2.364
2022-02-17,1.479,1.85,1.974,2.313
2022-02-18,1.472,1.824,1.93,2.249
2022-02-22,1.559,1.864,1.948,2.253
2022-02-23,1.6,1.893,1.977,2.275
2022-02-24,1.546,1.854,1.972,2.293
2022-02-25,1.586,1.885,1.984,2.296
2022-02-28,1.428,1.719,1.839,2.181
2022-03-01,1.305,1.554,1.711,2.106
2022-03-02,1.512,1.752,1.865,2.233
2022-03-03,1.536,1.737,1.844,2.226
2022-03-04,1.49,1.629,1.722,2.148
2022-03-07,1.548,1.691,1.749,2.151
2022-03-08,1.629,1.806,1.871,2.243
2022-03-09,1.678,1.88,1.948,2.302
2022-03-10,1.719,1.94,2.009,2.392
2022-03-11,1.75,1.961,2.006,2.364
2022-03-14,1.849,2.092,2.14,2.476
2022-03-15,1.857,2.114,2.16,2.503
2022-03-16,1.969,2.196,2.187,2.458
2022-03-17,1.941,2.169,2.192,2.485
2022-03-18,1.957,2.143,2.148,2.418
2022-03-21,2.134,2.34,2.317,2.536
2022-03-22,2.154,2.388,2.377,2.592
2022-03-23,2.113,2.34,2.321,2.52
2022-03-24,2.124,2.374,2.341,2.512
2022-03-25,2.299,2.575,2.493,2.604
2022-03-28,2.342,2.565,2.477,2.573
2022-03-29,2.351,2.487,2.4,2.524
2022-03-30,2.328,2.447,2.358,2.48
2022-03-31,2.284,2.42,2.325,2.446
2022-04-01,2.432,2.549,2.375,2.423
2022-04-04,2.428,2.555,2.412,2.474
2022-04-05,2.504,2.695,2.554,2.582
2022-04-06,2.502,2.704,2.609,2.632
2022-04-07,2.462,2.691,2.654,2.689
2022-04-08,2.52,2.757,2.715,2.746
2022-04-11,2.508,2.786,2.782,2.821
2022-04-12,2.389,2.674,2.727,2.827
2022-04-13,2.342,2.644,2.689,2.796
2022-04-14,2.444,2.76,2.808,2.917
2022-04-18,2.46,2.796,2.862,2.953
2022-04-19,2.575,2.889,2.915,2.99
2022-04-20,2.579,2.856,2.836,2.876
2022-04-21,2.693,2.979,2.917,2.933
2022-04-22,2.715,2.949,2.906,2.944
2022-04-25,2.63,2.862,2.827,2.895
2022-04-26,2.544,2.799,2.772,2.87
2022-04-27,2.577,2.813,2.818,2.909
2022-04-28,2.647,2.882,2.863,2.929
2022-04-29,2.7,2.912,2.885,2.946
2022-05-02,2.731,3.01,2.996,3.061
2022-05-03,2.77,3.003,2.958,3.006
2022-05-04,2.616,2.894,2.915,3.003
2022-05-05,2.724,3.025,3.068,3.161
2022-05-06,2.696,3.046,3.124,3.221
2022-05-09,2.62,2.983,3.079,3.208
2022-05-10,2.623,2.918,2.993,3.129
2022-05-11,2.629,2.877,2.919,3.042
2022-05-12,2.522,2.782,2.817,2.985
2022-05-13,2.597,2.886,2.933,3.092
2022-05-16,2.568,2.82,2.879,3.084
2022-05-17,2.698,2.946,2.97,3.164
2022-05-18,2.667,2.891,2.884,3.071
2022-05-19,2.611,2.849,2.855,3.065
2022-05-20,2.583,2.806,2.787,2.996
2022-05-23,2.625,2.876,2.859,3.066
2022-05-24,2.483,2.757,2.76,2.972
2022-05-25,2.502,2.717,2.747,2.965
2022-05-26,2.488,2.717,2.758,2.992
2022-05-27,2.498,2.736,2.749,2.976
2022-05-31,2.54,2.809,2.844,3.057
2022-06-01,2.664,2.94,2.931,3.077
2022-06-02,2.638,2.909,2.915,3.075
2022-06-03,2.667,2.951,2.955,3.113
2022-06-06,2.734,3.035,3.038,3.191
2022-06-07,2.735,2.982,2.97,3.122
2022-06-08,2.774,3.032,3.029,3.179
2022-06-09,2.817,3.065,3.042,3.17
2022-06-10,3.049,3.253,3.157,3.198
2022-06-13,3.281,3.48,3.371,3.369
2022-06-14,3.435,3.598,3.483,3.432
2022-06-15,3.279,3.472,3.395,3.408
2022-06-16,3.158,3.374,3.305,3.361
2022-06-17,3.166,3.34,3.239,3.294
2022-06-21,3.198,3.379,3.305,3.39
2022-06-22,3.056,3.227,3.156,3.242
2022-06-23,3.012,3.134,3.07,3.181
2022-06-24,3.057,3.177,3.124,3.258
2022-06-27,3.123,3.258,3.194,3.305
2022-06-28,3.124,3.264,3.207,3.312
2022-06-29,3.053,3.153,3.093,3.212
2022-06-30,2.927,3.004,2.974,3.122
2022-07-01,2.845,2.898,2.904,3.13
2022-07-05,2.816,2.817,2.811,3.033
2022-07-06,2.961,2.949,2.911,3.118
2022-07-07,3.041,3.054,3.008,3.196
2022-07-08,3.121,3.14,3.101,3.269
2022-07-11,3.07,3.05,2.991,3.18
2022-07-12,3.043,3.016,2.958,3.137
2022-07-13,3.144,3.019,2.906,3.068
2022-07-14,3.145,3.063,2.959,3.104
2022-07-15,3.135,3.053,2.93,3.094
2022-07-18,3.16,3.07,2.96,3.135
2022-07-19,3.231,3.15,3.019,3.177
2022-07-20,3.25,3.177,3.036,3.17
2022-07-21,3.095,3.008,2.908,3.072
2022-07-22,2.991,2.873,2.781,2.996
2022-07-25,3.037,2.9,2.82,3.05
2022-07-26,3.043,2.885,2.787,3.008
2022-07-27,2.972,2.795,2.732,3.002
2022-07-28,2.877,2.703,2.681,3.039
2022-07-29,2.897,2.695,2.642,2.977
2022-08-01,2.909,2.668,2.605,2.925
2022-08-02,3.079,2.86,2.741,2.984
2022-08-03,3.108,2.872,2.748,2.977
2022-08-04,3.037,2.775,2.676,2.961
2022-08-05,3.248,2.974,2.84,3.065
2022-08-08,3.216,2.911,2.763,2.998
2022-08-09,3.286,2.98,2.797,3.005
2022-08-10,3.214,2.922,2.786,3.042
2022-08-11,3.229,2.988,2.888,3.174
2022-08-12,3.257,2.977,2.849,3.118
2022-08-15,3.203,2.913,2.791,3.097
2022-08-16,3.251,2.96,2.824,3.115
2022-08-17,3.295,3.049,2.895,3.146
2022-08-18,3.235,3.031,2.88,3.141
2022-08-19,3.265,3.114,2.989,3.225
2022-08-22,3.337,3.177,3.035,3.241
2022-08-23,3.306,3.181,3.054,3.256
2022-08-24,3.386,3.231,3.106,3.32
2022-08-25,3.374,3.157,3.024,3.234
2022-08-26,3.393,3.197,3.035,3.205
2022-08-29,3.427,3.263,3.11,3.247
2022-08-30,3.466,3.275,3.11,3.22
2022-08-31,3.45,3.286,3.132,3.255
2022-09-01,3.522,3.41,3.265,3.374
2022-09-02,3.398,3.294,3.191,3.344
2022-09-06,3.501,3.443,3.34,3.483
2022-09-07,3.447,3.36,3.265,3.405
2022-09-08,3.491,3.397,3.292,3.441
2022-09-09,3.571,3.446,3.321,3.456
2022-09-12,3.571,3.458,3.362,3.513
2022-09-13,3.756,3.591,3.423,3.508
2022-09-14,3.782,3.595,3.412,3.469
2022-09-15,3.873,3.674,3.459,3.48
2022-09-16,3.859,3.626,3.447,3.519
2022-09-19,3.946,3.693,3.489,3.505
2022-09-20,3.964,3.753,3.573,3.581
2022-09-21,3.995,3.715,3.512,3.52
2022-09-22,4.127,3.927,3.708,3.638
2022-09-23,4.214,3.984,3.697,3.612
2022-09-26,4.315,4.159,3.88,3.697
2022-09-27,4.308,4.21,3.963,3.828
2022-09-28,4.094,3.922,3.707,3.681
2022-09-29,4.17,3.979,3.747,3.693
2022-09-30,4.209,4.041,3.804,3.764
2022-10-03,4.105,3.883,3.651,3.706
2022-10-04,4.097,3.84,3.617,3.687
2022-10-05,4.15,3.959,3.759,3.765
2022-10-06,4.25,4.06,3.824,3.793
2022-10-07,4.308,4.137,3.885,3.842
2022-10-11,4.316,4.167,3.939,3.902
2022-10-12,4.287,4.114,3.902,3.887
2022-10-13,4.449,4.211,3.954,3.933
2022-10-14,4.507,4.266,4.006,3.975
2022-10-17,4.456,4.238,4.015,4.015
2022-10-18,4.437,4.215,3.998,4.021
2022-10-19,4.552,4.351,4.129,4.127
2022-10-20,4.61,4.45,4.226,4.215
2022-10-21,4.491,4.354,4.212,4.304
2022-10-24,4.498,4.357,4.232,4.362
2022-10-25,4.479,4.257,4.11,4.264
2022-10-26,4.418,4.195,4.015,4.164
2022-10-27,4.321,4.09,3.939,4.094
2022-10-28,4.422,4.188,4.01,4.129
2022-10-31,4.501,4.249,4.077,4.206
2022-11-01,4.541,4.258,4.052,4.125
2022-11-02,4.57,4.251,4.061,4.124
2022-11-03,4.701,4.352,4.124,4.152
2022-11-04,4.652,4.329,4.158,4.247
2022-11-07,4.726,4.393,4.214,4.313
2022-11-08,4.672,4.308,4.128,4.26
2022-11-09,4.628,4.283,4.151,4.319
2022-11-10,4.326,3.943,3.829,4.08
2022-11-14,4.408,3.998,3.867,4.059
2022-11-15,4.361,3.92,3.799,3.981
2022-11-16,4.363,3.85,3.694,3.86
2022-11-17,4.454,3.937,3.773,3.889
2022-11-18,4.51,3.998,3.818,3.927
2022-11-21,4.546,4.012,3.827,3.907
2022-11-22,4.517,3.939,3.758,3.828
2022-11-23,4.483,3.898,3.709,3.742
2022-11-25,4.479,3.891,3.702,3.752
2022-11-28,4.471,3.892,3.702,3.749
2022-11-29,4.473,3.922,3.748,3.802
2022-11-30,4.372,3.828,3.701,3.823
2022-12-01,4.254,3.678,3.527,3.633
2022-12-02,4.28,3.666,3.503,3.56
2022-12-05,4.394,3.793,3.599,3.616
2022-12-06,4.36,3.734,3.513,3.523
2022-12-07,4.256,3.614,3.408,3.414
2022-12-08,4.312,3.712,3.493,3.455
2022-12-09,4.33,3.757,3.567,3.55
2022-12-12,4.403,3.802,3.611,3.576
2022-12-13,4.229,3.653,3.503,3.527
2022-12-14,4.249,3.652,3.503,3.54
2022-12-15,4.247,3.626,3.45,3.495
2022-12-16,4.18,3.617,3.482,3.533
2022-12-19,4.262,3.711,3.583,3.623
2022-12-20,4.266,3.784,3.684,3.736
2022-12-21,4.215,3.777,3.684,3.744
2022-12-22,4.265,3.787,3.671,3.724
2022-12-23,4.323,3.86,3.747,3.822
2022-12-27,4.41,3.961,3.858,3.943
2022-12-28,4.359,3.978,3.886,3.977
2022-12-29,4.367,3.955,3.835,3.923
2022-12-30,4.403,3.964,3.831,3.938
2023-01-03,4.405,3.945,3.792,3.891
2023-01-04,4.387,3.875,3.709,3.819
2023-01-05,4.453,3.911,3.722,3.798
2023-01-06,4.26,3.714,3.571,3.692
2023-01-09,4.199,3.651,3.517,3.65
2023-01-10,4.258,3.732,3.619,3.754
2023-01-11,4.228,3.67,3.556,3.681
2023-01-12,4.138,3.544,3.447,3.574
2023-01-13,4.241,3.614,3.511,3.623
2023-01-17,4.192,3.609,3.535,3.648
2023-01-18,4.076,3.433,3.375,3.542
2023-01-19,4.118,3.485,3.399,3.568
2023-01-20,4.183,3.567,3.484,3.656
2023-01-23,4.24,3.625,3.523,3.69
2023-01-24,4.212,3.582,3.467,3.621
2023-01-25,4.137,3.561,3.462,3.624
2023-01-26,4.178,3.588,3.491,3.628
2023-01-27,4.207,3.621,3.518,3.634
2023-01-30,4.261,3.683,3.551,3.66
2023-01-31,4.207,3.636,3.529,3.661
2023-02-01,4.11,3.497,3.398,3.55
2023-02-02,4.09,3.483,3.398,3.555
2023-02-03,4.301,3.666,3.532,3.627
2023-02-06,4.456,3.814,3.632,3.672
2023-02-07,4.471,3.844,3.674,3.706
2023-02-08,4.454,3.82,3.653,3.712
2023-02-09,4.509,3.881,3.683,3.742
2023-02-10,4.513,3.924,3.743,3.826
2023-02-13,4.534,3.926,3.719,3.792
2023-02-14,4.622,4.003,3.761,3.801
2023-02-15,4.627,4.039,3.807,3.852
2023-02-16,4.619,4.048,3.843,3.904
2023-02-17,4.623,4.036,3.828,3.888
2023-02-21,4.731,4.173,3.953,3.976
2023-02-22,4.699,4.153,3.923,3.928
2023-02-23,4.693,4.105,3.881,3.878
2023-02-24,4.805,4.21,3.949,3.938
2023-02-27,4.793,4.173,3.922,3.919
2023-02-28,4.797,4.168,3.914,3.93
2023-03-01,4.889,4.265,3.996,3.953
2023-03-02,4.904,4.323,4.073,4.021
2023-03-03,4.861,4.253,3.963,3.887
2023-03-06,4.894,4.269,3.983,3.912
2023-03-07,5.011,4.315,3.975,3.888
2023-03-08,5.066,4.336,3.976,3.877
2023-03-09,4.9,4.22,3.923,3.87
2023-03-10,4.588,3.953,3.695,3.7
2023-03-13,4.03,3.666,3.515,3.667
2023-03-14,4.225,3.796,3.636,3.761
2023-03-15,3.975,3.583,3.494,3.688
2023-03-16,4.13,3.737,3.583,3.714
2023-03-17,3.846,3.466,3.397,3.601
2023-03-20,3.924,3.57,3.477,3.662
2023-03-21,4.177,3.746,3.606,3.736
2023-03-22,3.981,3.575,3.5,3.697
2023-03-23,3.806,3.417,3.404,3.682
2023-03-24,3.777,3.408,3.378,3.644
2023-03-27,4.008,3.595,3.528,3.76
2023-03-28,4.062,3.662,3.568,3.785
2023-03-29,4.08,3.675,3.566,3.778
2023-03-30,4.099,3.663,3.551,3.746
2023-03-31,4.062,3.611,3.49,3.688
2023-04-03,3.98,3.529,3.432,3.646
2023-04-04,3.834,3.388,3.337,3.594
2023-04-05,3.763,3.344,3.287,3.557
2023-04-06,3.821,3.357,3.29,3.54
2023-04-07,3.972,3.485,3.383,3.603
2023-04-10,4.008,3.519,3.415,3.627
2023-04-11,4.058,3.55,3.434,3.621
2023-04-12,3.972,3.478,3.421,3.655
2023-04-13,3.977,3.507,3.451,3.686
2023-04-14,4.103,3.611,3.522,3.737
2023-04-17,4.188,3.693,3.591,3.804
2023-04-18,4.199,3.675,3.572,3.788
2023-04-19,4.265,3.722,3.602,3.789
2023-04-20,4.17,3.64,3.545,3.753
2023-04-21,4.19,3.665,3.572,3.778
2023-04-24,4.144,3.605,3.515,3.729
2023-04-25,3.957,3.444,3.398,3.652
2023-04-26,3.924,3.475,3.43,3.689
2023-04-27,4.097,3.602,3.528,3.756
2023-04-28,4.064,3.538,3.452,3.677
2023-05-01,4.139,3.633,3.574,3.817
2023-05-02,3.98,3.466,3.439,3.732
2023-05-03,3.939,3.411,3.403,3.715
2023-05-04,3.727,3.276,3.352,3.722
2023-05-05,3.922,3.419,3.446,3.762
2023-05-08,4.012,3.498,3.519,3.834
2023-05-09,4.024,3.495,3.522,3.849
2023-05-10,3.901,3.373,3.441,3.799
2023-05-11,3.906,3.357,3.397,3.748
2023-05-12,4.004,3.451,3.463,3.777
2023-05-15,4.004,3.469,3.508,3.842
2023-05-16,4.074,3.522,3.549,3.873
2023-05-17,4.156,3.592,3.581,3.878
2023-05-18,4.269,3.698,3.648,3.901
2023-05-19,4.289,3.746,3.692,3.948
2023-05-22,4.322,3.767,3.719,3.971
2023-05-23,4.333,3.748,3.698,3.952
2023-05-24,4.343,3.782,3.719,3.965
2023-05-25,4.51,3.897,3.815,4.004
2023-05-26,4.589,3.95,3.82,3.976
2023-05-30,4.473,3.821,3.696,3.901
2023-05-31,4.39,3.743,3.637,3.857
2023-06-01,4.341,3.701,3.608,3.834
2023-06-02,4.503,3.842,3.693,3.883
2023-06-05,4.483,3.828,3.693,3.891
2023-06-06,4.525,3.856,3.7,3.875
2023-06-07,4.55,3.919,3.784,3.942
2023-06-08,4.519,3.856,3.714,3.883
2023-06-09,4.604,3.918,3.745,3.887
2023-06-12,4.592,3.916,3.765,3.906
2023-06-13,4.696,4.021,3.839,3.941
2023-06-14,4.707,4.009,3.798,3.881
2023-06-15,4.648,3.924,3.728,3.848
2023-06-16,4.723,3.993,3.769,3.856
2023-06-20,4.698,3.958,3.727,3.817
2023-06-21,4.707,3.955,3.723,3.808
2023-06-22,4.8,4.044,3.799,3.873
2023-06-23,4.75,3.993,3.739,3.82
2023-06-26,4.733,3.964,3.719,3.819
2023-06-27,4.764,4.034,3.768,3.84
2023-06-28,4.722,3.972,3.712,3.804
2023-06-29,4.878,4.143,3.854,3.912
2023-06-30,4.877,4.133,3.819,3.854
2023-07-03,4.94,4.187,3.858,3.877
2023-07-05,4.951,4.255,3.945,3.944
2023-07-06,5.006,4.368,4.041,4.003
2023-07-07,4.931,4.335,4.048,4.034
2023-07-10,4.862,4.246,4.006,4.042
2023-07-11,4.896,4.239,3.982,4.021
2023-07-12,4.742,4.07,3.861,3.951
2023-07-13,4.611,3.935,3.759,3.895
2023-07-14,4.751,4.033,3.82,3.925
2023-07-17,4.732,4.003,3.797,3.923
2023-07-18,4.753,4.0,3.789,3.901
2023-07-19,4.755,3.971,3.742,3.839
2023-07-20,4.839,4.1,3.854,3.911
2023-07-21,4.848,4.093,3.839,3.907
2023-07-24,4.839,4.127,3.857,3.92
2023-07-25,4.893,4.191,3.912,3.953
2023-07-26,4.827,4.087,3.851,3.928
2023-07-27,4.939,4.251,4.012,4.059
2023-07-28,4.897,4.195,3.969,4.03
2023-07-31,4.874,4.179,3.957,4.016
2023-08-01,4.912,4.246,4.047,4.103
2023-08-02,4.891,4.241,4.078,4.165
2023-08-03,4.896,4.301,4.189,4.304
2023-08-04,4.791,4.165,4.062,4.215
2023-08-07,4.758,4.151,4.078,4.257
2023-08-08,4.758,4.113,4.024,4.205
2023-08-09,4.802,4.128,4.012,4.178
2023-08-10,4.821,4.202,4.082,4.241
2023-08-11,4.895,4.308,4.168,4.272
2023-08-14,4.965,4.355,4.182,4.281
2023-08-15,4.954,4.378,4.221,4.319
2023-08-16,4.98,4.408,4.258,4.36
2023-08-17,4.961,4.439,4.308,4.412
2023-08-18,4.936,4.382,4.251,4.379
2023-08-21,4.992,4.459,4.342,4.456
2023-08-22,5.037,4.479,4.328,4.411
2023-08-23,4.952,4.361,4.198,4.284
2023-08-24,5.019,4.406,4.235,4.302
2023-08-25,5.056,4.433,4.239,4.295
2023-08-28,5.05,4.41,4.212,4.289
2023-08-29,4.89,4.277,4.122,4.237
2023-08-30,4.884,4.273,4.118,4.228
2023-08-31,4.859,4.242,4.091,4.204
2023-09-01,4.868,4.291,4.173,4.285
2023-09-05,4.966,4.384,4.268,4.376
2023-09-06,5.025,4.438,4.29,4.359
2023-09-07,4.955,4.382,4.262,4.353
2023-09-08,4.984,4.396,4.256,4.332
2023-09-11,4.995,4.414,4.288,4.377
2023-09-12,5.005,4.41,4.264,4.346
2023-09-13,4.984,4.391,4.248,4.337
2023-09-14,5.014,4.419,4.29,4.385
2023-09-15,5.033,4.453,4.322,4.411
2023-09-18,5.064,4.462,4.319,4.396
2023-09-19,5.109,4.522,4.367,4.428
2023-09-20,5.12,4.513,4.347,4.4
2023-09-21,5.148,4.616,4.48,4.552
2023-09-22,5.123,4.571,4.44,4.522
2023-09-25,5.131,4.62,4.542,4.659
2023-09-26,5.131,4.625,4.558,4.696
2023-09-27,5.141,4.701,4.626,4.733
2023-09-28,5.071,4.643,4.597,4.729
2023-09-29,5.046,4.604,4.571,4.709
2023-10-02,5.112,4.717,4.683,4.796
2023-10-03,5.148,4.803,4.802,4.937
2023-10-04,5.05,4.721,4.735,4.878
2023-10-05,5.025,4.683,4.716,4.887
2023-10-06,5.079,4.748,4.782,4.942
2023-10-10,4.984,4.619,4.655,4.828
2023-10-11,5.005,4.605,4.597,4.737
2023-10-12,5.071,4.701,4.711,4.871
2023-10-13,5.054,4.644,4.629,4.779
2023-10-16,5.098,4.717,4.71,4.866
2023-10-17,5.214,4.874,4.847,4.951
2023-10-18,5.218,4.925,4.902,4.994
2023-10-19,5.171,4.961,4.988,5.102
2023-10-20,5.084,4.862,4.924,5.087
2023-10-23,5.062,4.793,4.838,4.989
2023-10-24,5.105,4.824,4.84,4.963
2023-10-25,5.121,4.908,4.953,5.092
2023-10-26,5.039,4.797,4.845,4.988
2023-10-27,5.012,4.77,4.845,5.023
2023-10-30,5.039,4.804,4.877,5.035
2023-10-31,5.071,4.818,4.875,5.024
2023-11-01,4.971,4.703,4.791,4.974
2023-11-02,4.975,4.636,4.669,4.821
2023-11-03,4.832,4.488,4.558,4.752
2023-11-06,4.941,4.609,4.662,4.831
2023-11-07,4.918,4.538,4.571,4.735
2023-11-08,4.936,4.522,4.523,4.656
2023-11-09,5.022,4.64,4.63,4.777
2023-11-10,5.062,4.666,4.628,4.733
2023-11-13,5.041,4.662,4.632,4.745
2023-11-14,4.817,4.421,4.441,4.621
2023-11-15,4.916,4.526,4.537,4.692
2023-11-16,4.842,4.427,4.445,4.622
2023-11-17,4.907,4.455,4.441,4.597
2023-11-20,4.911,4.441,4.422,4.575
2023-11-21,4.883,4.419,4.418,4.58
2023-11-22,4.91,4.44,4.416,4.548
2023-11-24,4.959,4.503,4.484,4.617
2023-11-27,4.894,4.412,4.388,4.533
2023-11-28,4.736,4.286,4.336,4.524
2023-11-29,4.648,4.219,4.271,4.451
2023-11-30,4.715,4.298,4.35,4.511
2023-12-01,4.567,4.154,4.224,4.417
2023-12-04,4.658,4.238,4.286,4.437
2023-12-05,4.577,4.138,4.171,4.306
2023-12-06,4.603,4.123,4.121,4.224
2023-12-07,4.58,4.112,4.129,4.246
2023-12-08,4.727,4.255,4.245,4.326
2023-12-11,4.727,4.251,4.239,4.33
2023-12-12,4.731,4.227,4.206,4.304
2023-12-13,4.481,4.003,4.033,4.184
2023-12-14,4.399,3.91,3.93,4.054
2023-12-15,4.455,3.93,3.928,4.027
2023-12-18,4.457,3.95,3.956,4.069
2023-12-19,4.437,3.933,3.922,4.036
2023-12-20,4.369,3.872,3.877,4.005
2023-12-21,4.349,3.882,3.894,4.035
2023-12-22,4.34,3.888,3.908,4.06
2023-12-26,4.341,3.875,3.886,4.043
2023-12-27,4.242,3.794,3.789,3.945
2023-12-28,4.281,3.847,3.85,3.989
2023-12-29,4.25,3.83,3.86,4.018
2024-01-02,4.328,3.924,3.944,4.084
2024-01-03,4.318,3.892,3.907,4.057
2024-01-04,4.382,3.973,3.991,4.135
2024-01-05,4.391,4.008,4.042,4.2
2024-01-08,4.345,3.956,4.002,4.174
2024-01-09,4.373,3.977,4.017,4.184
2024-01-10,4.371,3.981,4.03,4.2
2024-01-11,4.26,3.891,3.975,4.18
2024-01-12,4.138,3.832,3.95,4.198
2024-01-16,4.228,3.944,4.066,4.305
2024-01-17,4.354,4.024,4.104,4.312
2024-01-18,4.357,4.049,4.144,4.372
2024-01-19,4.408,4.072,4.146,4.354
2024-01-22,4.376,4.015,4.094,4.316
2024-01-23,4.385,4.051,4.142,4.379
2024-01-24,4.378,4.085,4.178,4.413
2024-01-25,4.314,4.017,4.132,4.381
2024-01-26,4.365,4.061,4.16,4.39
2024-01-29,4.322,3.993,4.091,4.335
2024-01-30,4.359,3.997,4.057,4.278
2024-01-31,4.229,3.88,3.965,4.215
2024-02-01,4.194,3.799,3.863,4.103
2024-02-02,4.37,3.993,4.031,4.227
2024-02-05,4.472,4.122,4.164,4.345
2024-02-06,4.408,4.044,4.092,4.296
2024-02-07,4.422,4.059,4.108,4.309
2024-02-08,4.456,4.124,4.17,4.377
2024-02-09,4.488,4.151,4.187,4.381
2024-02-12,4.47,4.128,4.17,4.37
2024-02-13,4.656,4.318,4.316,4.467
2024-02-14,4.578,4.247,4.267,4.448
2024-02-15,4.568,4.217,4.24,4.421
2024-02-16,4.656,4.288,4.295,4.449
2024-02-20,4.612,4.251,4.275,4.449
2024-02-21,4.653,4.299,4.323,4.492
2024-02-22,4.714,4.331,4.327,4.462
2024-02-23,4.69,4.285,4.26,4.38
2024-02-26,4.74,4.2956,4.299,4.418
2024-02-27,4.712,4.322,4.315,4.44
2024-02-28,4.648,4.273,4.274,4.41
2024-02-29,4.646,4.26,4.252,4.375
2024-03-01,4.533,4.159,4.182,4.327
2024-03-04,4.608,4.211,4.219,4.355
2024-03-05,4.552,4.138,4.137,4.274
2024-03-06,4.562,4.119,4.104,4.239
2024-03-07,4.514,4.084,4.092,4.246
2024-03-08,4.486,4.062,4.088,4.262
2024-03-11,4.534,4.088,4.104,4.276
2024-03-12,4.599,4.155,4.155,4.312
2024-03-13,4.622,4.186,4.192,4.349
2024-03-14,4.691,4.294,4.298,4.443
2024-03-15,4.723,4.324,4.304,4.428
2024-03-18,4.736,4.356,4.34,4.466
2024-03-19,4.692,4.303,4.296,4.441
2024-03-20,4.604,4.242,4.271,4.455
2024-03-21,4.632,4.253,4.271,4.442
2024-03-22,4.6,4.2,4.218,4.392
2024-03-25,4.628,4.233,4.253,4.426
2024-03-26,4.597,4.223,4.234,4.399
2024-03-27,4.57,4.188,4.196,4.359
2024-03-28,4.62,4.205,4.194,4.337
2024-04-01,4.718,4.337,4.329,4.467
2024-04-02,4.701,4.353,4.365,4.509
2024-04-03,4.679,4.338,4.355,4.509
2024-04-04,4.641,4.29,4.309,4.471
2024-04-05,4.732,4.368,4.378,4.532
2024-04-08,4.789,4.434,4.424,4.553
2024-04-09,4.747,4.377,4.366,4.499
2024-04-10,4.969,4.613,4.56,4.634
2024-04-11,4.961,4.623,4.576,4.662
2024-04-12,4.882,4.535,4.499,4.603
2024-04-15,4.938,4.645,4.628,4.74
2024-04-16,4.964,4.682,4.657,4.757
2024-04-17,4.932,4.617,4.585,4.699
2024-04-18,4.99,4.686,4.647,4.745
2024-04-19,4.969,4.656,4.615,4.711
2024-04-22,4.971,4.661,4.623,4.724
2024-04-23,4.925,4.622,4.598,4.723
2024-04-24,4.937,4.667,4.654,4.784
2024-04-25,4.998,4.717,4.706,4.82
2024-04-26,5.0,4.692,4.669,4.782
2024-04-29,4.973,4.639,4.612,4.737
2024-04-30,5.046,4.723,4.684,4.789
2024-05-01,4.939,4.613,4.591,4.712
2024-05-02,4.877,4.567,4.571,4.718
2024-05-03,4.806,4.482,4.5,4.661
2024-05-06,4.822,4.483,4.489,4.642
2024-05-07,4.828,4.471,4.461,4.605
2024-05-08,4.843,4.501,4.492,4.632
2024-05-09,4.807,4.46,4.449,4.605
2024-05-10,4.868,4.518,4.504,4.646
2024-05-13,4.857,4.499,4.481,4.622
2024-05-14,4.819,4.458,4.445,4.593
2024-05-15,4.736,4.356,4.356,4.516
2024-05-16,4.791,4.399,4.377,4.518
2024-05-17,4.825,4.441,4.42,4.561
2024-05-20,4.837,4.457,4.437,4.573
2024-05-21,4.833,4.436,4.414,4.554
2024-05-22,4.878,4.473,4.434,4.55
2024-05-23,4.933,4.526,4.475,4.58
2024-05-24,4.953,4.531,4.473,4.577
2024-05-28,4.979,4.587,4.542,4.656
2024-05-29,4.985,4.642,4.624,4.744
2024-05-30,4.929,4.571,4.554,4.685
2024-05-31,4.893,4.528,4.512,4.652
2024-06-03,4.818,4.417,4.402,4.55
2024-06-04,4.77,4.352,4.336,4.484
2024-06-05,4.731,4.306,4.289,4.441
2024-06-06,4.72,4.292,4.281,4.43
2024-06-07,4.87,4.452,4.428,4.548
2024-06-10,4.885,4.484,4.469,4.595
2024-06-11,4.834,4.418,4.402,4.535
2024-06-12,4.75,4.302,4.295,4.45
2024-06-13,4.688,4.235,4.24,4.401
2024-06-14,4.685,4.226,4.213,4.351
2024-06-17,4.761,4.3,4.279,4.41
2024-06-18,4.704,4.234,4.217,4.354
2024-06-20,4.729,4.266,4.254,4.393
2024-06-21,4.73,4.271,4.257,4.397
2024-06-24,4.734,4.271,4.248,4.378
2024-06-25,4.734,4.263,4.238,4.372
2024-06-26,4.749,4.336,4.316,4.447
2024-06-27,4.716,4.301,4.288,4.427
2024-06-28,4.72,4.331,4.343,4.502
2024-07-01,4.772,4.44,4.479,4.643
2024-07-02,4.739,4.396,4.436,4.609
2024-07-03,4.693,4.31,4.347,4.52
2024-07-05,4.599,4.218,4.273,4.469
2024-07-08,4.618,4.225,4.269,4.458
2024-07-09,4.628,4.248,4.3,4.495
2024-07-10,4.633,4.239,4.28,4.47
2024-07-11,4.507,4.123,4.193,4.404
2024-07-12,4.46,4.111,4.187,4.401
2024-07-15,4.453,4.132,4.229,4.454
2024-07-16,4.445,4.09,4.167,4.374
2024-07-17,4.429,4.07,4.146,4.358
2024-07-18,4.461,4.103,4.188,4.406
2024-07-19,4.507,4.163,4.239,4.45
2024-07-22,4.523,4.179,4.26,4.478
2024-07-23,4.483,4.15,4.239,4.47
2024-07-24,4.416,4.163,4.286,4.549
2024-07-25,4.443,4.145,4.256,4.5
2024-07-26,4.389,4.082,4.2,4.457
2024-07-29,4.387,4.07,4.178,4.433
2024-07-30,4.359,4.037,4.141,4.399
2024-07-31,4.338,3.998,4.105,4.368
2024-08-01,4.165,3.846,3.978,4.27
2024-08-02,3.872,3.618,3.796,4.111
2024-08-05,3.885,3.627,3.783,4.071
2024-08-06,3.985,3.729,3.888,4.177
2024-08-07,4.001,3.795,3.968,4.261
2024-08-08,4.044,3.833,3.997,4.287
2024-08-09,4.053,3.796,3.942,4.225
2024-08-12,4.015,3.749,3.909,4.198
2024-08-13,3.942,3.682,3.854,4.166
2024-08-14,3.947,3.666,3.822,4.109
2024-08-15,4.101,3.799,3.926,4.18
2024-08-16,4.066,3.767,3.892,4.151
2024-08-19,4.068,3.759,3.867,4.115
2024-08-20,4.0,3.701,3.818,4.07
2024-08-21,3.922,3.639,3.776,4.051
2024-08-22,4.01,3.727,3.862,4.135
2024-08-23,3.913,3.65,3.807,4.102
2024-08-26,3.934,3.664,3.818,4.107
2024-08-27,3.903,3.657,3.833,4.128
2024-08-28,3.867,3.665,3.841,4.131
2024-08-29,3.893,3.668,3.867,4.151
2024-08-30,3.927,3.715,3.911,4.196
2024-09-03,3.888,3.656,3.844,4.13
2024-09-04,3.77,3.566,3.768,4.067
2024-09-05,3.752,3.54,3.733,4.023
2024-09-06,3.65,3.489,3.71,4.02
2024-09-09,3.667,3.487,3.699,3.999
2024-09-10,3.609,3.428,3.644,3.954
2024-09-11,3.646,3.447,3.653,3.963
2024-09-12,3.648,3.466,3.68,3.996
2024-09-13,3.576,3.424,3.649,3.977
2024-09-16,3.555,3.405,3.621,3.937
2024-09-17,3.592,3.433,3.642,3.953
2024-09-18,3.603,3.465,3.687,4.008
2024-09-19,3.604,3.505,3.74,4.074
2024-09-20,3.574,3.484,3.728,4.072
2024-09-23,3.576,3.496,3.738,4.082
2024-09-24,3.548,3.479,3.736,4.089
2024-09-25,3.553,3.518,3.781,4.135
2024-09-26,3.623,3.557,3.789,4.123
2024-09-27,3.563,3.503,3.749,4.098
2024-09-30,3.651,3.577,3.802,4.133
2024-10-01,3.621,3.521,3.743,4.081
2024-10-02,3.637,3.553,3.785,4.131
2024-10-03,3.714,3.633,3.85,4.18
2024-10-04,3.932,3.814,3.981,4.268
2024-10-07,4.004,3.869,4.026,4.304
2024-10-08,3.979,3.865,4.035,4.325
2024-10-09,4.017,3.906,4.067,4.338
2024-10-10,3.999,3.919,4.094,4.385
2024-10-11,3.941,3.879,4.073,4.382
2024-10-15,3.956,3.861,4.038,4.328
2024-10-16,3.935,3.842,4.016,4.299
2024-10-17,3.987,3.908,4.096,4.394
2024-10-18,3.955,3.878,4.075,4.382
2024-10-21,4.025,3.976,4.182,4.486
2024-10-22,4.037,4.005,4.206,4.494
2024-10-23,4.086,4.057,4.242,4.515
2024-10-24,4.066,4.021,4.202,4.467
2024-10-25,4.098,4.052,4.232,4.499
2024-10-28,4.142,4.108,4.278,4.53
2024-10-29,4.119,4.104,4.274,4.519
2024-10-30,4.154,4.125,4.264,4.479
2024-10-31,4.166,4.155,4.284,4.475
2024-11-01,4.203,4.213,4.363,4.559
2024-11-04,4.176,4.167,4.309,4.495
2024-11-05,4.203,4.172,4.291,4.45
2024-11-06,4.268,4.272,4.426,4.6
2024-11-07,4.22,4.191,4.343,4.544
2024-11-08,4.254,4.193,4.308,4.479
2024-11-12,4.344,4.315,4.433,4.577
2024-11-13,4.284,4.301,4.451,4.636
2024-11-14,4.294,4.292,4.42,4.583
2024-11-15,4.301,4.296,4.426,4.599
2024-11-18,4.284,4.275,4.414,4.606
2024-11-19,4.272,4.248,4.379,4.566
2024-11-20,4.308,4.273,4.406,4.592
2024-11-21,4.349,4.304,4.432,4.621
2024-11-22,4.369,4.298,4.41,4.595
2024-11-25,4.271,4.172,4.263,4.447
2024-11-26,4.254,4.192,4.302,4.48
2024-11-27,4.213,4.115,4.242,4.428
2024-11-29,4.174,4.076,4.194,4.375
2024-12-02,4.198,4.093,4.194,4.358
2024-12-03,4.171,4.104,4.221,4.393
2024-12-04,4.121,4.064,4.182,4.349
2024-12-05,4.146,4.078,4.182,4.337
2024-12-06,4.098,4.036,4.153,4.331
2024-12-09,4.127,4.07,4.199,4.39
2024-12-10,4.149,4.097,4.221,4.407
2024-12-11,4.157,4.133,4.271,4.478
2024-12-12,4.186,4.176,4.324,4.548
2024-12-13,4.241,4.248,4.399,4.614
2024-12-16,4.249,4.253,4.399,4.61
2024-12-17,4.241,4.248,4.385,4.579
2024-12-18,4.355,4.383,4.498,4.66
2024-12-19,4.319,4.428,4.57,4.741
2024-12-20,4.312,4.379,4.524,4.716
2024-12-23,4.349,4.445,4.599,4.785
2024-12-24,4.33,4.433,4.587,4.76
2024-12-26,4.332,4.433,4.579,4.762
2024-12-27,4.326,4.456,4.619,4.81
2024-12-30,4.254,4.37,4.545,4.764
2024-12-31,4.252,4.391,4.577,4.783
2025-01-02,4.248,4.38,4.575,4.798
2025-01-03,4.279,4.41,4.595,4.815
2025-01-06,4.27,4.421,4.616,4.838
2025-01-07,4.295,4.467,4.685,4.912
2025-01-08,4.291,4.467,4.693,4.932
2025-01-09,4.262,4.449,4.681,4.92
2025-01-10,4.396,4.592,4.774,4.964
2025-01-13,4.402,4.617,4.805,4.987
2025-01-14,4.365,4.59,4.788,4.985
2025-01-15,4.264,4.444,4.653,4.878
2025-01-16,4.238,4.398,4.606,4.845
2025-01-17,4.272,4.415,4.611,4.845
2025-01-21,4.281,4.398,4.574,4.803
2025-01-22,4.297,4.428,4.599,4.815
2025-01-23,4.285,4.442,4.637,4.869
2025-01-24,4.272,4.428,4.623,4.848
2025-01-27,4.193,4.326,4.528,4.771
2025-01-28,4.205,4.345,4.549,4.79
2025-01-29,4.226,4.355,4.555,4.79
2025-01-30,4.197,4.311,4.512,4.759
2025-01-31,4.238,4.364,4.567,4.812
2025-02-03,4.265,4.355,4.543,4.771
2025-02-04,4.214,4.317,4.513,4.748
2025-02-05,4.185,4.243,4.42,4.642
2025-02-06,4.208,4.273,4.438,4.647
2025-02-07,4.279,4.334,4.487,4.691
2025-02-10,4.268,4.333,4.495,4.711
2025-02-11,4.29,4.37,4.537,4.749
2025-02-12,4.365,4.482,4.637,4.835
2025-02-13,4.311,4.386,4.525,4.732
2025-02-14,4.259,4.327,4.476,4.696
2025-02-18,4.297,4.393,4.544,4.763
2025-02-19,4.274,4.37,4.535,4.764
2025-02-20,4.266,4.342,4.499,4.738
2025-02-21,4.192,4.258,4.42,4.669
2025-02-24,4.168,4.23,4.393,4.649
2025-02-25,4.096,4.131,4.298,4.556
2025-02-26,4.072,4.077,4.249,4.507
2025-02-27,4.08,4.105,4.287,4.554
2025-02-28,3.995,4.026,4.229,4.515
2025-03-03,3.98,3.989,4.18,4.464
2025-03-04,3.955,4.002,4.21,4.516
2025-03-05,3.986,4.058,4.267,4.559
2025-03-06,3.963,4.058,4.282,4.579
2025-03-07,4.002,4.094,4.318,4.617
2025-03-10,3.896,3.974,4.213,4.539
2025-03-11,3.941,4.042,4.288,4.603
2025-03-12,3.995,4.077,4.316,4.631
2025-03-13,3.953,4.028,4.276,4.596
2025-03-14,4.015,4.082,4.308,4.615
2025-03-17,4.053,4.096,4.306,4.599
2025-03-18,4.042,4.07,4.281,4.579
2025-03-19,3.979,4.029,4.256,4.567
2025-03-20,3.957,4.007,4.233,4.556
2025-03-21,3.948,4.008,4.252,4.597
2025-03-24,4.037,4.093,4.331,4.656
2025-03-25,4.003,4.058,4.308,4.655
2025-03-26,4.008,4.082,4.338,4.684
2025-03-27,3.998,4.098,4.369,4.729
2025-03-28,3.91,3.979,4.255,4.632
2025-03-31,3.912,3.981,4.245,4.614
2025-04-01,3.863,3.908,4.156,4.515
2025-04-02,3.904,3.953,4.195,4.551
2025-04-03,3.725,3.759,4.055,4.484
2025-04-04,3.67,3.711,3.991,4.39
2025-04-07,3.738,3.842,4.157,4.594
2025-04-08,3.738,3.909,4.26,4.715
2025-04-09,3.949,4.1,4.396,4.79
2025-04-10,3.847,4.037,4.392,4.848
2025-04-11,3.954,4.156,4.493,4.875
2025-04-14,3.832,3.998,4.364,4.798
2025-04-15,3.828,3.963,4.323,4.776
2025-04-16,3.786,3.909,4.279,4.747
2025-04-17,3.796,3.935,4.327,4.809
2025-04-21,3.752,3.959,4.405,4.91
2025-04-22,3.806,3.977,4.389,4.879
2025-04-23,3.861,4.012,4.387,4.832
2025-04-24,3.791,3.927,4.305,4.766
2025-04-25,3.762,3.885,4.266,4.738
2025-04-28,3.685,3.814,4.216,4.693
2025-04-29,3.658,3.773,4.174,4.648
2025-04-30,3.621,3.752,4.175,4.68
2025-05-01,3.701,3.813,4.231,4.737
2025-05-02,3.84,3.932,4.32,4.795
2025-05-05,3.841,3.943,4.343,4.829
2025-05-06,3.789,3.897,4.308,4.813
2025-05-07,3.793,3.873,4.275,4.772
2025-05-08,3.895,3.994,4.373,4.837
2025-05-09,3.883,3.987,4.375,4.833
2025-05-12,4.002,4.103,4.457,4.887
2025-05-13,4.017,4.121,4.499,4.943
2025-05-14,4.053,4.162,4.528,4.967
2025-05-15,3.973,4.073,4.455,4.919
2025-05-16,3.983,4.063,4.439,4.897
2025-05-19,3.983,4.081,4.475,4.941
2025-05-20,3.97,4.066,4.481,4.967
2025-05-21,4.017,4.157,4.597,5.089
2025-05-22,3.999,4.113,4.553,5.064
2025-05-23,3.987,4.076,4.511,5.037
2025-05-27,3.964,4.023,4.434,4.94
2025-05-28,3.992,4.067,4.479,4.978
2025-05-29,3.937,3.998,4.424,4.923
2025-05-30,3.914,3.979,4.418,4.932
2025-06-02,3.945,4.019,4.462,4.995
2025-06-03,3.957,4.028,4.46,4.983
2025-06-04,3.877,3.934,4.365,4.888
2025-06-05,3.924,3.989,4.395,4.884
2025-06-06,4.043,4.126,4.51,4.963
2025-06-09,4.003,4.087,4.484,4.954
2025-06-10,4.012,4.084,4.474,4.939
2025-06-11,3.945,4.012,4.414,4.909
2025-06-12,3.906,3.959,4.357,4.843
2025-06-13,3.958,4.022,4.424,4.915
2025-06-16,3.969,4.036,4.454,4.955
2025-06-17,3.95,3.987,4.391,4.892
2025-06-18,3.941,3.989,4.395,4.896
2025-06-20,3.908,3.961,4.375,4.889
2025-06-23,3.829,3.885,4.322,4.859
2025-06-24,3.81,3.857,4.293,4.831
2025-06-25,3.779,3.847,4.293,4.842
2025-06-26,3.715,3.801,4.253,4.816
2025-06-27,3.74,3.83,4.283,4.846
2025-06-30,3.721,3.794,4.226,4.775
2025-07-01,3.777,3.84,4.249,4.778
2025-07-02,3.789,3.87,4.293,4.823
2025-07-03,3.882,3.934,4.34,4.856
2025-07-07,3.903,3.966,4.395,4.93
2025-07-08,3.909,3.987,4.417,4.946
2025-07-09,3.862,3.92,4.342,4.875
2025-07-10,3.868,3.931,4.346,4.862
2025-07-11,3.914,3.992,4.423,4.957
2025-07-14,3.898,3.983,4.427,4.973
2025-07-15,3.959,4.052,4.489,5.018
2025-07-16,3.885,3.985,4.455,5.015
2025-07-17,3.917,4.006,4.463,5.014
2025-07-18,3.875,3.961,4.431,4.999
2025-07-21,3.852,3.908,4.37,4.937
2025-07-22,3.831,3.876,4.336,4.903
2025-07-23,3.884,3.936,4.388,4.949
2025-07-24,3.925,3.971,4.408,4.949
2025-07-25,3.917,3.952,4.386,4.929
2025-07-28,3.932,3.977,4.42,4.965
2025-07-29,3.875,3.906,4.328,4.868
2025-07-30,3.937,3.965,4.378,4.913
2025-07-31,3.951,3.96,4.36,4.885
2025-08-01,3.704,3.771,4.22,4.807
2025-08-04,3.681,3.742,4.198,4.795
2025-08-05,3.716,3.762,4.196,4.769
2025-08-06,3.701,3.762,4.218,4.811
2025-08-07,3.734,3.79,4.244,4.816
2025-08-08,3.76135,3.83035,4.2839,4.8509
2025-08-11,3.76425,3.83205,4.2781,4.8469
2025-08-12,3.73185,3.81985,4.2878,4.8766
2025-08-13,3.6776,3.76415,4.2355,4.8278
2025-08-14,3.73245,3.8154,4.28585,4.8766
2025-08-15,3.75365,3.8388,4.32085,4.9229
2025-08-18,3.7671,3.84925,4.3345,4.93515
2025-08-19,3.75325,3.8265,4.30915,4.9096
2025-08-20,3.75095,3.81075,4.2897,4.8938
2025-08-21,3.79075,3.8544,4.3267,4.9198
2025-08-22,3.6964,3.7599,4.2547,4.87655
2025-08-25,3.72245,3.7843,4.27605,4.8897
2025-08-26,3.681,3.7449,4.2644,4.9213
2025-08-27,3.61365,3.70035,4.2372,4.9208
2025-08-28,3.63105,3.69145,4.2043,4.874
2025-08-29,3.61875,3.69835,4.2313,4.92845
2025-09-02,3.6402,3.72525,4.26435,4.9629
2025-09-03,3.61865,3.69495,4.21775,4.8973
2025-09-04,3.5888,3.64475,4.15975,4.8498
2025-09-05,3.50815,3.57995,4.0742,4.75915
2025-09-08,3.48735,3.56005,4.03885,4.6902
2025-09-09,3.55425,3.61185,4.08465,4.72675
2025-09-10,3.54275,3.59455,4.04445,4.6926
2025-09-11,3.54255,3.59795,4.0244,4.6578
2025-09-12,3.5598,3.63515,4.06715,4.6829
2025-09-15,3.53775,3.60475,4.03655,4.6568
2025-09-16,3.50845,3.58735,4.02885,4.64955
2025-09-17,3.5542,3.65335,4.08625,4.68335
2025-09-18,3.57075,3.66905,4.10925,4.72275
2025-09-19,3.57255,3.67955,4.13125,4.7487
2025-09-22,3.60295,3.70055,4.1457,4.763
2025-09-23,3.5871,3.66735,4.10515,4.71735
2025-09-24,3.60515,3.7181,4.14755,4.7512
2025-09-25,3.6604,3.7659,4.17465,4.7507
2025-09-26,3.64195,3.76245,4.1726,4.7443
2025-09-29,3.6236,3.7347,4.13965,4.70755
2025-09-30,3.61545,3.7434,4.1532,4.7305
2025-10-01,3.5357,3.67245,4.09905,4.709
2025-10-02,3.53775,3.6707,4.08365,4.69005
2025-10-03,3.57485,3.71405,4.11915,4.7109
2025-10-06,3.5914,3.7384,4.1569,4.7521
2025-10-07,3.5667,3.70455,4.12295,4.7261
2025-10-08,3.58325,3.7159,4.12195,4.709
2025-10-09,3.5958,3.73505,4.1413,4.7226
2025-10-10,3.5275,3.6534,4.0581,4.63975
2025-10-14,3.4838,3.60995,4.0302,4.62965
2025-10-15,3.49625,3.6169,4.02725,4.61865
2025-10-16,3.42115,3.5458,3.9726,4.58435
2025-10-17,3.46255,3.59335,4.00975,4.60575
2025-10-20,3.4573,3.57335,3.98095,4.56875
2025-10-21,3.45405,3.56115,3.96175,4.54185
2025-10-22,3.44545,3.55415,3.95215,4.53435
2025-10-23,3.49175,3.60975,4.00375,4.58195
2025-10-24,3.48205,3.6045,4.00165,4.59375
2025-10-27,3.49575,3.6097,3.98625,4.5564
2025-10-28,3.4888,3.60865,3.97565,4.54135
2025-10-29,3.59495,3.707,4.07475,4.6267
2025-10-30,3.6072,3.71735,4.096,4.6536
2025-10-31,3.57875,3.6932,4.08235,4.65645
2025-11-03,3.6035,3.71925,4.1075,4.68645
2025-11-04,3.57475,3.69325,4.08225,4.6632
2025-11-05,3.63255,3.76445,4.16005,4.73875
2025-11-06,3.55635,3.68115,4.0841,4.67915
2025-11-07,3.55855,3.67945,4.09175,4.69615
2025-11-10,3.5939,3.7177,4.1209,4.7113
2025-11-11,3.59,3.72,4.12,4.71
2025-11-12,3.56485,3.66555,4.06445,4.6603
2025-11-13,3.58785,3.7021,4.11435,4.7098
2025-11-14,3.6058,3.72835,4.1492,4.7493
2025-11-17,3.61325,3.72835,4.1376,4.7353
2025-11-18,3.57565,3.68825,4.11635,4.7363
2025-11-19,3.59465,3.71095,4.13765,4.7562
2025-11-20,3.53375,3.6464,4.08545,4.7234
2025-11-21,3.50435,3.6185,4.06615,4.71645
2025-11-24,3.50005,3.59755,4.0296,4.6731
2025-11-25,3.45555,3.56095,3.9989,4.65455
2025-11-26,3.47495,3.5671,3.99125,4.6409
2025-11-27,3.47,3.57,3.99,4.64
2025-11-28,3.49545,3.59815,4.01615,4.6643
2025-12-01,3.5314,3.6648,4.0894,4.73975
2025-12-02,3.51105,3.6579,4.0894,4.7482
2025-12-03,3.48345,3.6285,4.06235,4.7283
2025-12-04,3.52365,3.67365,4.09815,4.7577
2025-12-05,3.56345,3.7139,4.138,4.7933
2025-12-08,3.5781,3.75065,4.1692,4.8085
2025-12-09,3.6136,3.784,4.18685,4.8095
2025-12-10,3.5433,3.73515,4.15365,4.7933
2025-12-11,3.53625,3.72825,4.1517,4.79735
2025-12-12,3.5232,3.73995,4.18505,4.8476
2025-12-15,3.5036,3.7269,4.1753,4.8481
2025-12-16,3.48805,3.69725,4.146,4.81505
2025-12-17,3.48395,3.69735,4.1519,4.8257
2025-12-18,3.4621,3.6642,4.12265,4.8034
2025-12-19,3.48445,3.69415,4.14805,4.8267
2025-12-22,3.5046,3.7118,4.16375,4.8369
2025-12-23,3.5321,3.7365,4.16475,4.8242
2025-12-24,3.50655,3.71565,4.1345,4.7974
2025-12-25,3.51,3.72,4.13,4.8
2025-12-26,3.48,3.69485,4.1287,4.81455
2025-12-29,3.4555,3.66895,4.11115,4.7979
2025-12-30,3.4504,3.67935,4.1248,4.8085
2025-12-31,3.47405,3.7209,4.1621,4.84
2026-01-01,3.47,3.72,4.16,4.84
2026-01-02,3.4764,3.74355,4.1936,4.8707
2026-01-05,3.4518,3.7019,4.15435,4.8421
2026-01-06,3.4622,3.70715,4.1681,4.85895
2026-01-07,3.4705,3.7037,4.1485,4.8288
2026-01-08,3.48505,3.7263,4.1662,4.837
2026-01-09,3.53625,3.75255,4.1663,4.8136
2026-01-12,3.53745,3.76135,4.1841,4.835
2026-01-13,3.52935,3.74745,4.17425,4.8329
2026-01-14,3.51485,3.71605,4.13695,4.7883
2026-01-15,3.56725,3.77025,4.17235,4.79845
2026-01-16,3.5934,3.8196,4.2259,4.837
2026-01-19,3.59,3.82,4.23,4.84
2026-01-20,3.5969,3.85845,4.2935,4.9225
2026-01-21,3.58975,3.82505,4.2458,4.86415
2026-01-22,3.6111,3.8498,4.24985,4.8422
2026-01-23,3.59715,3.8289,4.2301,4.82995
2026-01-26,3.59105,3.8202,4.2123,4.8015
2026-01-27,3.5741,3.82735,4.2422,4.85755
2026-01-28,3.56915,3.8297,4.2462,4.8606
2026-01-29,3.55705,3.8132,4.2323,4.8545
2026-01-30,3.52345,3.7924,4.2404,4.87505
2026-02-02,3.57155,3.83755,4.2804,4.9133
2026-02-03,3.56755,3.83235,4.2655,4.8957
2026-02-04,3.55325,3.83065,4.2765,4.91955
2026-02-05,3.45865,3.72645,4.186,4.8428
2026-02-06,3.49345,3.75415,4.205,4.8525
2026-02-09,3.48615,3.7437,4.1991,4.8525
2026-02-10,3.45095,3.69515,4.1397,4.7824
2026-02-11,3.51085,3.74195,4.1714,4.8108
2026-02-12,3.4549,3.65865,4.09905,4.7353
2026-02-13,3.4055,3.60035,4.04735,4.69385
2026-02-17,3.4356,3.62365,4.05975,4.69045
2026-02-18,3.4637,3.65135,4.08365,4.7079
2026-02-19,3.46465,3.6391,4.0683,4.70015
2026-02-20,3.4801,3.64755,4.0845,4.7249
2026-02-23,3.43905,3.58325,4.02995,4.70155
2026-02-24,3.46425,3.59875,4.0347,4.6865
2026-02-25,3.4761,3.62645,4.05665,4.70055
2026-02-26,3.43315,3.57145,4.00885,4.66185
2026-02-27,3.38105,3.5077,3.94785,4.61775
2026-03-02,3.4762,3.61115,4.03735,4.68255
2026-03-03,3.51325,3.6441,4.06415,4.7073
2026-03-04,3.54935,3.68235,4.0968,4.7327
2026-03-05,3.5815,3.72765,4.1373,4.7528
2026-03-06,3.55425,3.72275,4.1373,4.7572
2026-03-09,3.5493,3.69315,4.10055,4.71505
2026-03-10,3.59,3.73865,4.1547,4.7868
2026-03-11,3.6516,3.80005,4.2267,4.877
2026-03-12,3.73755,3.86525,4.25995,4.879
2026-03-13,3.72735,3.8675,4.2816,4.9075
2026-03-16,3.67215,3.7972,4.2209,4.8679
2026-03-17,3.6736,3.7868,4.1994,4.8422
2026-03-18,3.77815,3.8742,4.264,4.8831
2026-03-19,3.79345,3.87965,4.2503,4.8392
2026-03-20,3.9044,4.00725,4.3836,4.94595
2026-03-23,3.85505,3.97005,4.3489,4.9208
2026-03-24,3.90145,3.9988,4.3668,4.93155
2026-03-25,3.88625,3.9759,4.3312,4.9009
2026-03-26,3.97965,4.08765,4.41065,4.9269
2026-03-27,3.91185,4.06755,4.4268,4.964
2026-03-30,3.8371,3.98805,4.3492,4.908
2026-03-31,3.7899,3.93925,4.3176,4.90955
2026-04-01,3.80615,3.95755,4.32155,4.9034
2026-04-02,3.80355,3.95065,4.30785,4.879
2026-04-03,3.8458,3.98575,4.34325,4.9065
2026-04-06,3.8488,3.98305,4.3356,4.8912
2026-04-07,3.79805,3.93585,4.3,4.877
2026-04-08,3.79065,3.92275,4.2941,4.8846
2026-04-09,3.77805,3.90355,4.2823,4.88665
2026-04-10,3.79835,3.9403,4.316,4.90855
2026-04-13,3.77735,3.9105,4.2923,4.8963
2026-04-14,3.74385,3.86335,4.2469,4.8578
2026-04-15,3.7593,3.89125,4.2805,4.8933
2026-04-16,3.77685,3.91755,4.3122,4.93365
2026-04-17,3.704,3.84315,4.247,4.8841
2026-04-20,3.72575,3.8597,4.2569,4.88565
2026-04-21,3.78435,3.91495,4.2985,4.9055
2026-04-22,3.80325,3.92985,4.3065,4.9096
2026-04-23,3.8295,3.9545,4.3224,4.91115
2026-04-24,3.7825,3.9202,4.3046,4.91115
2026-04-27,3.79825,3.94665,4.3385,4.9445
2026-04-28,3.83805,3.9802,4.3465,4.9358
2026-04-29,3.94475,4.0763,4.42875,4.99845
2026-04-30,3.8679,4.00375,4.3706,4.9652
2026-05-01,3.87855,4.0135,4.3708,4.96005
2026-05-04,3.9448,4.07845,4.4311,5.0121
2026-05-05,3.94295,4.08115,4.4251,4.99225
2026-05-06,3.8675,3.99965,4.3509,4.9389
2026-05-07,3.91015,4.0365,4.38505,4.9632
2026-05-08,3.8877,4.0068,4.35915,4.9415
2026-05-11,3.95045,4.07195,4.4114,4.984
2026-05-12,3.99245,4.1241,4.462,5.02635
2026-05-13,3.97605,4.1127,4.4659,5.03265
2026-05-14,4.01405,4.1482,4.4816,5.0294
2026-05-15,4.07825,4.25975,4.5963,5.12145
2026-05-18,4.04485,4.2341,4.5844,5.1235
2026-05-19,4.1182,4.3272,4.6663,5.18215
2026-05-20,4.05615,4.2433,4.5845,5.12145
2026-05-21,4.07775,4.2417,4.5686,5.09395
2026-05-22,4.12205,4.2549,4.5568,5.06355
2026-05-26,4.03485,4.1755,4.4876,5.0207
2026-05-27,4.03695,4.1801,4.4817,5.008
2026-05-28,4.02565,4.15905,4.4522,4.9797
2026-05-29,4.00095,4.13805,4.43645,4.9726
2026-06-01,4.0318,4.16605,4.45415,4.9701
2026-06-02,4.0431,4.17045,4.4522,4.963
2026-06-03,4.0813,4.21515,4.49165,4.9912
2026-06-04,4.04415,4.1853,4.4739,4.9746
2026-06-05,4.14595,4.269,4.5313,4.99825
2026-06-08,4.16485,4.2929,4.5671,5.0389
2026-06-09,4.11915,4.2453,4.51845,4.9982
2026-06-10,4.14325,4.2789,4.5533,5.03175
2026-06-11,4.05985,4.1801,4.45815,4.9539
2026-06-12,4.08615,4.21095,4.4819,4.971
2026-06-15,4.0694,4.1907,4.472,4.974
2026-06-16,4.05265,4.1607,4.43845,4.9409
2026-06-17,4.18435,4.2615,4.4859,4.9284
2026-06-18,4.17665,4.2315,4.4543,4.8991
2026-06-22,4.23105,4.2884,4.5078,4.9428
2026-06-23,4.1994,4.2689,4.4979,4.9463
2026-06-24,4.1466,4.1775,4.3971,4.8474
2026-06-25,4.1219,4.16255,4.3892,4.85865
2026-06-26,4.09415,4.13285,4.37545,4.8684
2026-06-29,4.10545,4.1442,4.3774,4.8645
2026-06-30,4.1692,4.2221,4.4603,4.9503
2026-07-01,4.17745,4.23795,4.4801,4.9739
2026-07-02,4.135,4.22925,4.4842,4.9844
2026-07-06,4.11115,4.20115,4.4703,4.9859
2026-07-07,4.1848,4.28315,4.5501,5.0562
2026-07-08,4.21715,4.32565,4.5802,5.0752
2026-07-09,4.1733,4.2788,4.5481,5.0603
