date,US2Y,US5Y,US10Y,US30Y
2020-05-11,0.17,0.36,0.73,1.43
2020-05-12,0.17,0.34,0.69,1.38
2020-05-13,0.16,0.31,0.64,1.35
2020-05-14,0.16,0.31,0.63,1.30
2020-05-15,0.16,0.31,0.64,1.32
2020-05-18,0.18,0.38,0.73,1.44
2020-05-19,0.17,0.35,0.70,1.43
2020-05-20,0.16,0.34,0.68,1.40
2020-05-21,0.17,0.35,0.68,1.40
2020-05-22,0.17,0.34,0.66,1.37
2020-05-26,0.18,0.35,0.69,1.43
2020-05-27,0.19,0.34,0.68,1.44
2020-05-28,0.17,0.34,0.70,1.47
2020-05-29,0.16,0.30,0.65,1.41
2020-06-01,0.14,0.31,0.66,1.46
2020-06-02,0.17,0.32,0.68,1.48
2020-06-03,0.19,0.38,0.77,1.56
2020-06-04,0.19,0.40,0.82,1.61
2020-06-05,0.22,0.47,0.91,1.68
2020-06-08,0.22,0.45,0.88,1.65
2020-06-09,0.20,0.40,0.84,1.59
2020-06-10,0.17,0.33,0.75,1.53
2020-06-11,0.19,0.32,0.66,1.41
2020-06-12,0.19,0.33,0.71,1.45
2020-06-15,0.19,0.33,0.71,1.45
2020-06-16,0.21,0.34,0.75,1.54
2020-06-17,0.19,0.34,0.74,1.52
2020-06-18,0.19,0.34,0.71,1.47
2020-06-19,0.19,0.33,0.70,1.47
2020-06-22,0.19,0.34,0.71,1.46
2020-06-23,0.18,0.33,0.72,1.49
2020-06-24,0.19,0.33,0.69,1.44
2020-06-25,0.17,0.32,0.68,1.43
2020-06-26,0.17,0.30,0.64,1.37
2020-06-29,0.16,0.28,0.64,1.39
2020-06-30,0.16,0.29,0.66,1.41
2020-07-01,0.17,0.31,0.69,1.43
2020-07-02,0.16,0.29,0.68,1.43
2020-07-06,0.16,0.31,0.69,1.45
2020-07-07,0.16,0.29,0.65,1.38
2020-07-08,0.16,0.30,0.67,1.39
2020-07-09,0.16,0.28,0.62,1.32
2020-07-10,0.16,0.30,0.65,1.33
2020-07-13,0.16,0.30,0.64,1.33
2020-07-14,0.14,0.28,0.63,1.30
2020-07-15,0.16,0.28,0.64,1.33
2020-07-16,0.16,0.28,0.62,1.31
2020-07-17,0.14,0.29,0.64,1.33
2020-07-20,0.16,0.29,0.62,1.32
2020-07-21,0.14,0.27,0.61,1.31
2020-07-22,0.14,0.27,0.60,1.29
2020-07-23,0.16,0.27,0.59,1.24
2020-07-24,0.14,0.27,0.59,1.23
2020-07-27,0.15,0.30,0.62,1.25
2020-07-28,0.14,0.26,0.59,1.22
2020-07-29,0.12,0.25,0.58,1.24
2020-07-30,0.11,0.23,0.55,1.20
2020-07-31,0.11,0.21,0.55,1.20
2020-08-03,0.11,0.22,0.56,1.23
2020-08-04,0.11,0.19,0.52,1.19
2020-08-05,0.11,0.22,0.55,1.22
2020-08-06,0.11,0.21,0.55,1.20
2020-08-07,0.13,0.23,0.57,1.23
2020-08-10,0.14,0.24,0.59,1.25
2020-08-11,0.16,0.27,0.64,1.32
2020-08-12,0.16,0.30,0.69,1.37
2020-08-13,0.16,0.32,0.71,1.42
2020-08-14,0.14,0.29,0.71,1.45
2020-08-17,0.14,0.29,0.69,1.43
2020-08-18,0.14,0.27,0.67,1.40
2020-08-19,0.14,0.29,0.68,1.42
2020-08-20,0.13,0.26,0.65,1.38
2020-08-21,0.16,0.27,0.64,1.35
2020-08-24,0.14,0.28,0.65,1.35
2020-08-25,0.15,0.30,0.69,1.39
2020-08-26,0.16,0.28,0.69,1.41
2020-08-27,0.16,0.31,0.74,1.50
2020-08-28,0.14,0.28,0.74,1.52
2020-08-31,0.14,0.28,0.72,1.49
2020-09-01,0.13,0.26,0.68,1.43
2020-09-02,0.14,0.26,0.66,1.38
2020-09-03,0.13,0.24,0.63,1.34
2020-09-04,0.14,0.30,0.72,1.46
2020-09-08,0.14,0.28,0.69,1.43
2020-09-09,0.14,0.28,0.71,1.45
2020-09-10,0.14,0.26,0.68,1.43
2020-09-11,0.13,0.26,0.67,1.42
2020-09-14,0.14,0.27,0.68,1.42
2020-09-15,0.14,0.27,0.68,1.43
2020-09-16,0.14,0.28,0.69,1.45
2020-09-17,0.13,0.28,0.69,1.43
2020-09-18,0.14,0.29,0.70,1.45
2020-09-21,0.14,0.27,0.68,1.43
2020-09-22,0.13,0.27,0.68,1.42
2020-09-23,0.14,0.28,0.68,1.42
2020-09-24,0.14,0.27,0.67,1.40
2020-09-25,0.12,0.26,0.66,1.40
2020-09-28,0.14,0.26,0.67,1.42
2020-09-29,0.11,0.24,0.66,1.41
2020-09-30,0.13,0.28,0.69,1.46
2020-10-01,0.14,0.27,0.68,1.45
2020-10-02,0.13,0.28,0.70,1.48
2020-10-05,0.14,0.33,0.78,1.57
2020-10-06,0.14,0.32,0.76,1.56
2020-10-07,0.16,0.35,0.81,1.60
2020-10-08,0.13,0.33,0.78,1.57
2020-10-09,0.16,0.34,0.79,1.58
2020-10-13,0.16,0.31,0.74,1.52
2020-10-14,0.14,0.30,0.73,1.50
2020-10-15,0.14,0.32,0.74,1.52
2020-10-16,0.14,0.32,0.76,1.52
2020-10-19,0.16,0.34,0.78,1.55
2020-10-20,0.14,0.34,0.81,1.60
2020-10-21,0.14,0.36,0.83,1.62
2020-10-22,0.16,0.38,0.87,1.67
2020-10-23,0.18,0.37,0.85,1.64
2020-10-26,0.16,0.35,0.81,1.59
2020-10-27,0.16,0.34,0.79,1.57
2020-10-28,0.16,0.34,0.79,1.56
2020-10-29,0.16,0.38,0.85,1.62
2020-10-30,0.14,0.38,0.88,1.65
2020-11-02,0.16,0.38,0.87,1.63
2020-11-03,0.17,0.39,0.90,1.66
2020-11-04,0.14,0.33,0.78,1.55
2020-11-05,0.14,0.33,0.79,1.54
2020-11-06,0.16,0.36,0.83,1.60
2020-11-09,0.17,0.44,0.96,1.73
2020-11-10,0.19,0.46,0.98,1.75
2020-11-12,0.17,0.40,0.88,1.64
2020-11-13,0.17,0.41,0.89,1.65
2020-11-16,0.19,0.41,0.91,1.66
2020-11-17,0.18,0.39,0.87,1.62
2020-11-18,0.16,0.40,0.88,1.62
2020-11-19,0.18,0.39,0.86,1.58
2020-11-20,0.16,0.38,0.83,1.53
2020-11-23,0.16,0.39,0.86,1.56
2020-11-24,0.16,0.39,0.88,1.60
2020-11-25,0.17,0.39,0.88,1.62
2020-11-27,0.16,0.37,0.84,1.57
2020-11-30,0.16,0.36,0.84,1.58
2020-12-01,0.17,0.42,0.92,1.66
2020-12-02,0.16,0.42,0.95,1.70
2020-12-03,0.16,0.40,0.92,1.67
2020-12-04,0.16,0.42,0.97,1.73
2020-12-07,0.14,0.40,0.94,1.69
2020-12-08,0.14,0.39,0.92,1.67
2020-12-09,0.16,0.41,0.95,1.69
2020-12-10,0.14,0.39,0.92,1.65
2020-12-11,0.11,0.37,0.90,1.63
2020-12-14,0.13,0.37,0.90,1.63
2020-12-15,0.11,0.37,0.92,1.65
2020-12-16,0.13,0.37,0.92,1.66
2020-12-17,0.13,0.38,0.94,1.68
2020-12-18,0.13,0.39,0.95,1.70
2020-12-21,0.13,0.39,0.95,1.68
2020-12-22,0.13,0.37,0.93,1.65
2020-12-23,0.13,0.38,0.96,1.70
2020-12-24,0.13,0.37,0.94,1.66
2020-12-28,0.13,0.38,0.94,1.67
2020-12-29,0.12,0.37,0.94,1.67
2020-12-30,0.12,0.37,0.93,1.66
2020-12-31,0.13,0.36,0.93,1.65
2021-01-04,0.11,0.36,0.93,1.66
2021-01-05,0.13,0.38,0.96,1.70
2021-01-06,0.14,0.43,1.04,1.81
2021-01-07,0.14,0.46,1.08,1.85
2021-01-08,0.14,0.49,1.13,1.87
2021-01-11,0.14,0.50,1.15,1.88
2021-01-12,0.14,0.50,1.15,1.88
2021-01-13,0.14,0.48,1.10,1.82
2021-01-14,0.16,0.49,1.15,1.88
2021-01-15,0.13,0.46,1.11,1.85
2021-01-19,0.14,0.45,1.10,1.84
2021-01-20,0.13,0.45,1.10,1.84
2021-01-21,0.13,0.45,1.12,1.87
2021-01-22,0.13,0.44,1.10,1.85
2021-01-25,0.13,0.42,1.05,1.80
2021-01-26,0.11,0.42,1.05,1.80
2021-01-27,0.12,0.41,1.04,1.79
2021-01-28,0.12,0.42,1.07,1.81
2021-01-29,0.11,0.45,1.11,1.87
2021-02-01,0.11,0.42,1.09,1.84
2021-02-02,0.11,0.45,1.12,1.87
2021-02-03,0.11,0.46,1.15,1.92
2021-02-04,0.11,0.46,1.15,1.93
2021-02-05,0.09,0.47,1.19,1.97
2021-02-08,0.11,0.48,1.19,1.96
2021-02-09,0.11,0.48,1.18,1.95
2021-02-10,0.11,0.46,1.15,1.92
2021-02-11,0.11,0.46,1.16,1.94
2021-02-12,0.11,0.50,1.20,2.01
2021-02-16,0.13,0.57,1.30,2.08
2021-02-17,0.11,0.57,1.29,2.06
2021-02-18,0.11,0.56,1.29,2.08
2021-02-19,0.11,0.59,1.34,2.14
2021-02-22,0.11,0.61,1.37,2.19
2021-02-23,0.11,0.59,1.37,2.21
2021-02-24,0.12,0.62,1.38,2.24
2021-02-25,0.17,0.81,1.54,2.33
2021-02-26,0.14,0.75,1.44,2.17
2021-03-01,0.13,0.71,1.45,2.23
2021-03-02,0.13,0.67,1.42,2.21
2021-03-03,0.14,0.73,1.47,2.25
2021-03-04,0.14,0.77,1.54,2.30
2021-03-05,0.14,0.79,1.56,2.28
2021-03-08,0.17,0.86,1.59,2.31
2021-03-09,0.17,0.83,1.55,2.26
2021-03-10,0.16,0.80,1.53,2.24
2021-03-11,0.14,0.78,1.54,2.29
2021-03-12,0.14,0.85,1.64,2.40
2021-03-15,0.14,0.84,1.62,2.37
2021-03-16,0.15,0.83,1.62,2.38
2021-03-17,0.13,0.80,1.63,2.42
2021-03-18,0.16,0.86,1.71,2.45
2021-03-19,0.16,0.90,1.74,2.45
2021-03-22,0.15,0.87,1.69,2.38
2021-03-23,0.15,0.83,1.63,2.34
2021-03-24,0.14,0.83,1.62,2.31
2021-03-25,0.14,0.82,1.63,2.34
2021-03-26,0.14,0.85,1.67,2.37
2021-03-29,0.14,0.89,1.73,2.43
2021-03-30,0.16,0.90,1.73,2.38
2021-03-31,0.16,0.92,1.74,2.41
2021-04-01,0.17,0.90,1.69,2.34
2021-04-02,0.19,0.97,1.72,2.35
2021-04-05,0.17,0.94,1.73,2.36
2021-04-06,0.16,0.88,1.67,2.32
2021-04-07,0.16,0.87,1.68,2.35
2021-04-08,0.14,0.85,1.64,2.32
2021-04-09,0.16,0.87,1.67,2.34
2021-04-12,0.18,0.89,1.69,2.34
2021-04-13,0.16,0.85,1.64,2.32
2021-04-14,0.16,0.87,1.64,2.32
2021-04-15,0.16,0.81,1.56,2.23
2021-04-16,0.16,0.84,1.59,2.26
2021-04-19,0.16,0.85,1.61,2.29
2021-04-20,0.15,0.81,1.58,2.27
2021-04-21,0.15,0.81,1.57,2.26
2021-04-22,0.16,0.81,1.57,2.24
2021-04-23,0.16,0.83,1.58,2.25
2021-04-26,0.18,0.85,1.58,2.24
2021-04-27,0.17,0.88,1.63,2.29
2021-04-28,0.17,0.86,1.63,2.29
2021-04-29,0.16,0.86,1.65,2.31
2021-04-30,0.16,0.86,1.65,2.30
2021-05-03,0.16,0.84,1.63,2.30
2021-05-04,0.16,0.82,1.61,2.27
2021-05-05,0.16,0.80,1.59,2.25
2021-05-06,0.16,0.81,1.58,2.24
2021-05-07,0.14,0.77,1.60,2.28
2021-05-10,0.16,0.80,1.63,2.32
2021-05-11,0.16,0.80,1.64,2.35
2021-05-12,0.16,0.87,1.69,2.40
2021-05-13,0.16,0.84,1.66,2.39
2021-05-14,0.16,0.82,1.63,2.35
2021-05-17,0.16,0.84,1.64,2.36
2021-05-18,0.16,0.83,1.64,2.37
2021-05-19,0.16,0.87,1.68,2.38
2021-05-20,0.15,0.83,1.63,2.34
2021-05-21,0.17,0.84,1.63,2.33
2021-05-24,0.15,0.82,1.61,2.31
2021-05-25,0.15,0.79,1.56,2.26
2021-05-26,0.14,0.80,1.58,2.27
2021-05-27,0.14,0.81,1.61,2.29
2021-05-28,0.14,0.79,1.58,2.26
2021-06-01,0.16,0.81,1.62,2.30
2021-06-02,0.13,0.80,1.59,2.28
2021-06-03,0.16,0.84,1.63,2.30
2021-06-04,0.14,0.78,1.56,2.24
2021-06-07,0.16,0.79,1.57,2.25
2021-06-08,0.14,0.77,1.53,2.21
2021-06-09,0.16,0.75,1.50,2.17
2021-06-10,0.14,0.73,1.45,2.15
2021-06-11,0.16,0.76,1.47,2.15
2021-06-14,0.16,0.80,1.51,2.19
2021-06-15,0.16,0.79,1.51,2.20
2021-06-16,0.21,0.89,1.57,2.20
2021-06-17,0.23,0.90,1.52,2.11
2021-06-18,0.26,0.89,1.45,2.01
2021-06-21,0.27,0.90,1.50,2.11
2021-06-22,0.25,0.87,1.48,2.10
2021-06-23,0.26,0.90,1.50,2.11
2021-06-24,0.26,0.90,1.49,2.10
2021-06-25,0.28,0.92,1.54,2.16
2021-06-28,0.25,0.90,1.49,2.10
2021-06-29,0.27,0.89,1.49,2.10
2021-06-30,0.25,0.87,1.45,2.06
2021-07-01,0.25,0.89,1.48,2.07
2021-07-02,0.24,0.86,1.44,2.05
2021-07-06,0.22,0.81,1.37,2.00
2021-07-07,0.22,0.79,1.33,1.94
2021-07-08,0.19,0.74,1.30,1.91
2021-07-09,0.23,0.79,1.37,1.99
2021-07-12,0.23,0.81,1.38,2.00
2021-07-13,0.26,0.85,1.42,2.04
2021-07-14,0.23,0.80,1.37,1.98
2021-07-15,0.23,0.78,1.31,1.92
2021-07-16,0.25,0.79,1.31,1.93
2021-07-19,0.21,0.70,1.19,1.81
2021-07-20,0.20,0.69,1.23,1.88
2021-07-21,0.22,0.74,1.30,1.94
2021-07-22,0.20,0.71,1.27,1.90
2021-07-23,0.22,0.72,1.30,1.92
2021-07-26,0.22,0.73,1.29,1.93
2021-07-27,0.20,0.71,1.25,1.89
2021-07-28,0.20,0.72,1.26,1.90
2021-07-29,0.20,0.73,1.28,1.91
2021-07-30,0.19,0.69,1.24,1.89
2021-08-02,0.17,0.66,1.20,1.86
2021-08-03,0.17,0.65,1.19,1.85
2021-08-04,0.17,0.67,1.19,1.83
2021-08-05,0.21,0.72,1.23,1.86
2021-08-06,0.21,0.77,1.31,1.94
2021-08-09,0.23,0.79,1.33,1.96
2021-08-10,0.24,0.82,1.36,1.99
2021-08-11,0.23,0.81,1.35,1.99
2021-08-12,0.23,0.83,1.36,2.03
2021-08-13,0.23,0.79,1.29,1.94
2021-08-16,0.21,0.75,1.26,1.92
2021-08-17,0.23,0.77,1.26,1.92
2021-08-18,0.23,0.79,1.27,1.91
2021-08-19,0.22,0.78,1.24,1.88
2021-08-20,0.23,0.80,1.26,1.87
2021-08-23,0.23,0.78,1.25,1.87
2021-08-24,0.24,0.80,1.29,1.91
2021-08-25,0.23,0.84,1.35,1.96
2021-08-26,0.25,0.84,1.34,1.94
2021-08-27,0.22,0.79,1.31,1.91
2021-08-30,0.20,0.77,1.29,1.90
2021-08-31,0.20,0.77,1.30,1.92
2021-09-01,0.20,0.78,1.31,1.92
2021-09-02,0.20,0.78,1.29,1.90
2021-09-03,0.21,0.78,1.33,1.94
2021-09-07,0.22,0.82,1.38,1.99
2021-09-08,0.22,0.81,1.35,1.95
2021-09-09,0.23,0.79,1.30,1.90
2021-09-10,0.23,0.82,1.35,1.94
2021-09-13,0.21,0.81,1.33,1.91
2021-09-14,0.21,0.79,1.28,1.85
2021-09-15,0.21,0.81,1.31,1.87
2021-09-16,0.23,0.84,1.34,1.88
2021-09-17,0.23,0.88,1.37,1.91
2021-09-20,0.23,0.83,1.31,1.85
2021-09-21,0.22,0.84,1.33,1.86
2021-09-22,0.25,0.86,1.32,1.84
2021-09-23,0.27,0.94,1.41,1.92
2021-09-24,0.29,0.97,1.47,1.99
2021-09-27,0.31,0.98,1.48,1.99
2021-09-28,0.31,1.02,1.54,2.07
2021-09-29,0.30,1.01,1.55,2.09
2021-09-30,0.28,0.98,1.52,2.08
2021-10-01,0.27,0.93,1.48,2.04
2021-10-04,0.27,0.95,1.49,2.05
2021-10-05,0.28,0.98,1.54,2.10
2021-10-06,0.30,0.99,1.53,2.08
2021-10-07,0.32,1.02,1.58,2.13
2021-10-08,0.32,1.05,1.61,2.16
2021-10-12,0.35,1.08,1.59,2.10
2021-10-13,0.37,1.09,1.56,2.05
2021-10-14,0.36,1.05,1.52,2.02
2021-10-15,0.41,1.13,1.59,2.05
2021-10-18,0.44,1.16,1.59,2.01
2021-10-19,0.41,1.17,1.65,2.09
2021-10-20,0.40,1.16,1.65,2.12
2021-10-21,0.45,1.23,1.68,2.13
2021-10-22,0.48,1.22,1.66,2.08
2021-10-25,0.47,1.19,1.64,2.09
2021-10-26,0.47,1.20,1.63,2.05
2021-10-27,0.50,1.16,1.54,1.95
2021-10-28,0.50,1.18,1.57,1.96
2021-10-29,0.48,1.18,1.55,1.93
2021-11-01,0.50,1.20,1.58,1.98
2021-11-02,0.46,1.15,1.56,1.96
2021-11-03,0.47,1.19,1.60,2.00
2021-11-04,0.41,1.10,1.53,1.96
2021-11-05,0.39,1.04,1.45,1.87
2021-11-08,0.45,1.13,1.51,1.89
2021-11-09,0.41,1.08,1.46,1.83
2021-11-10,0.51,1.23,1.56,1.92
2021-11-12,0.53,1.24,1.58,1.95
2021-11-15,0.53,1.26,1.63,2.01
2021-11-16,0.54,1.27,1.63,2.02
2021-11-17,0.52,1.24,1.60,2.00
2021-11-18,0.52,1.22,1.59,1.97
2021-11-19,0.52,1.22,1.54,1.91
2021-11-22,0.63,1.33,1.63,1.98
2021-11-23,0.60,1.33,1.67,2.02
2021-11-24,0.64,1.34,1.64,1.96
2021-11-26,0.50,1.16,1.48,1.83
2021-11-29,0.51,1.18,1.52,1.87
2021-11-30,0.52,1.14,1.43,1.78
2021-12-01,0.56,1.15,1.43,1.77
2021-12-02,0.63,1.21,1.44,1.76
2021-12-03,0.60,1.13,1.35,1.69
2021-12-06,0.65,1.21,1.43,1.75
2021-12-07,0.70,1.26,1.48,1.80
2021-12-08,0.68,1.27,1.52,1.87
2021-12-09,0.70,1.26,1.49,1.87
2021-12-10,0.67,1.25,1.48,1.88
2021-12-13,0.66,1.21,1.42,1.81
2021-12-14,0.67,1.23,1.44,1.82
2021-12-15,0.69,1.26,1.47,1.86
2021-12-16,0.64,1.19,1.44,1.87
2021-12-17,0.66,1.18,1.41,1.82
2021-12-20,0.65,1.17,1.43,1.85
2021-12-21,0.70,1.24,1.48,1.89
2021-12-22,0.68,1.23,1.46,1.86
2021-12-23,0.71,1.25,1.50,1.91
2021-12-27,0.76,1.26,1.48,1.88
2021-12-28,0.74,1.27,1.49,1.90
2021-12-29,0.75,1.29,1.55,1.96
2021-12-30,0.73,1.27,1.52,1.93
2021-12-31,0.73,1.26,1.52,1.90
2022-01-03,0.78,1.37,1.63,2.01
2022-01-04,0.77,1.37,1.66,2.07
2022-01-05,0.83,1.43,1.71,2.09
2022-01-06,0.88,1.47,1.73,2.09
2022-01-07,0.87,1.50,1.76,2.11
2022-01-10,0.92,1.53,1.78,2.11
2022-01-11,0.90,1.51,1.75,2.08
2022-01-12,0.92,1.50,1.74,2.08
2022-01-13,0.91,1.47,1.70,2.05
2022-01-14,0.99,1.55,1.78,2.12
2022-01-18,1.06,1.65,1.87,2.18
2022-01-19,1.04,1.62,1.83,2.14
2022-01-20,1.08,1.62,1.83,2.14
2022-01-21,1.01,1.54,1.75,2.07
2022-01-24,0.99,1.53,1.75,2.10
2022-01-25,1.02,1.56,1.78,2.12
2022-01-26,1.13,1.66,1.85,2.16
2022-01-27,1.18,1.66,1.81,2.09
2022-01-28,1.15,1.61,1.78,2.07
2022-01-31,1.18,1.62,1.79,2.11
2022-02-01,1.18,1.63,1.81,2.12
2022-02-02,1.16,1.60,1.78,2.11
2022-02-03,1.19,1.66,1.82,2.14
2022-02-04,1.31,1.78,1.93,2.23
2022-02-07,1.30,1.76,1.92,2.22
2022-02-08,1.35,1.81,1.96,2.25
2022-02-09,1.36,1.82,1.94,2.25
2022-02-10,1.61,1.96,2.03,2.30
2022-02-11,1.50,1.84,1.92,2.24
2022-02-14,1.58,1.90,1.98,2.29
2022-02-15,1.58,1.94,2.05,2.37
2022-02-16,1.52,1.90,2.03,2.34
2022-02-17,1.49,1.85,1.97,2.31
2022-02-18,1.47,1.82,1.92,2.24
2022-02-22,1.56,1.85,1.94,2.24
2022-02-23,1.58,1.89,1.99,2.29
2022-02-24,1.54,1.84,1.96,2.28
2022-02-25,1.55,1.86,1.97,2.29
2022-02-28,1.44,1.71,1.83,2.17
2022-03-01,1.31,1.56,1.72,2.11
2022-03-02,1.50,1.74,1.86,2.24
2022-03-03,1.53,1.74,1.86,2.24
2022-03-04,1.50,1.65,1.74,2.16
2022-03-07,1.55,1.71,1.78,2.19
2022-03-08,1.63,1.80,1.86,2.24
2022-03-09,1.68,1.87,1.94,2.29
2022-03-10,1.72,1.92,1.98,2.38
2022-03-11,1.75,1.96,2.00,2.36
2022-03-14,1.87,2.10,2.14,2.47
2022-03-15,1.85,2.10,2.15,2.49
2022-03-16,1.95,2.18,2.19,2.46
2022-03-17,1.94,2.17,2.20,2.50
2022-03-18,1.97,2.14,2.14,2.42
2022-03-21,2.14,2.33,2.32,2.55
2022-03-22,2.18,2.39,2.38,2.60
2022-03-23,2.13,2.34,2.32,2.52
2022-03-24,2.13,2.37,2.34,2.51
2022-03-25,2.30,2.55,2.48,2.60
2022-03-28,2.35,2.54,2.46,2.57
2022-03-29,2.35,2.49,2.41,2.53
2022-03-30,2.31,2.44,2.35,2.48
2022-03-31,2.28,2.42,2.32,2.44
2022-04-01,2.44,2.55,2.39,2.44
2022-04-04,2.43,2.56,2.42,2.48
2022-04-05,2.51,2.69,2.54,2.57
2022-04-06,2.50,2.70,2.61,2.63
2022-04-07,2.47,2.70,2.66,2.69
2022-04-08,2.53,2.76,2.72,2.76
2022-04-11,2.50,2.79,2.79,2.84
2022-04-12,2.39,2.66,2.72,2.82
2022-04-13,2.37,2.66,2.70,2.81
2022-04-14,2.47,2.79,2.83,2.92
2022-04-18,2.46,2.79,2.85,2.95
2022-04-19,2.61,2.91,2.93,3.01
2022-04-20,2.60,2.87,2.85,2.90
2022-04-21,2.68,2.96,2.90,2.94
2022-04-22,2.72,2.94,2.90,2.95
2022-04-25,2.63,2.84,2.81,2.88
2022-04-26,2.54,2.79,2.77,2.86
2022-04-27,2.58,2.81,2.82,2.91
2022-04-28,2.63,2.86,2.85,2.92
2022-04-29,2.70,2.92,2.89,2.96
2022-05-02,2.73,3.01,2.99,3.07
2022-05-03,2.78,3.01,2.97,3.03
2022-05-04,2.66,2.93,2.93,3.01
2022-05-05,2.71,3.01,3.05,3.15
2022-05-06,2.72,3.06,3.12,3.23
2022-05-09,2.61,2.95,3.05,3.19
2022-05-10,2.62,2.91,2.99,3.12
2022-05-11,2.66,2.89,2.91,3.05
2022-05-12,2.56,2.81,2.84,3.00
2022-05-13,2.61,2.89,2.93,3.10
2022-05-16,2.58,2.83,2.88,3.09
2022-05-17,2.71,2.96,2.98,3.17
2022-05-18,2.68,2.89,2.89,3.07
2022-05-19,2.63,2.84,2.84,3.05
2022-05-20,2.60,2.80,2.78,2.99
2022-05-23,2.65,2.88,2.86,3.08
2022-05-24,2.50,2.76,2.76,2.98
2022-05-25,2.48,2.71,2.75,2.97
2022-05-26,2.46,2.70,2.75,2.99
2022-05-27,2.47,2.71,2.74,2.97
2022-05-31,2.53,2.81,2.85,3.07
2022-06-01,2.66,2.94,2.94,3.09
2022-06-02,2.65,2.92,2.92,3.09
2022-06-03,2.66,2.95,2.96,3.11
2022-06-06,2.73,3.03,3.04,3.19
2022-06-07,2.75,2.99,2.98,3.13
2022-06-08,2.78,3.03,3.03,3.18
2022-06-09,2.83,3.07,3.04,3.18
2022-06-10,3.06,3.25,3.15,3.20
2022-06-13,3.40,3.56,3.43,3.42
2022-06-14,3.45,3.61,3.49,3.45
2022-06-15,3.20,3.38,3.33,3.39
2022-06-16,3.14,3.35,3.28,3.35
2022-06-17,3.17,3.34,3.25,3.30
2022-06-21,3.21,3.38,3.31,3.39
2022-06-22,3.06,3.22,3.16,3.25
2022-06-23,3.01,3.14,3.09,3.21
2022-06-24,3.04,3.18,3.13,3.26
2022-06-27,3.08,3.24,3.20,3.31
2022-06-28,3.10,3.25,3.20,3.30
2022-06-29,3.06,3.15,3.10,3.22
2022-06-30,2.92,3.01,2.98,3.14
2022-07-01,2.84,2.88,2.88,3.11
2022-07-05,2.82,2.82,2.82,3.05
2022-07-06,2.97,2.96,2.93,3.14
2022-07-07,3.03,3.05,3.01,3.20
2022-07-08,3.12,3.13,3.09,3.27
2022-07-11,3.07,3.05,2.99,3.18
2022-07-12,3.03,3.01,2.96,3.13
2022-07-13,3.13,3.02,2.91,3.08
2022-07-14,3.15,3.06,2.96,3.11
2022-07-15,3.13,3.05,2.93,3.10
2022-07-18,3.15,3.06,2.96,3.14
2022-07-19,3.23,3.14,3.01,3.17
2022-07-20,3.25,3.18,3.04,3.17
2022-07-21,3.10,3.00,2.91,3.08
2022-07-22,2.98,2.87,2.77,3.00
2022-07-25,3.00,2.89,2.81,3.04
2022-07-26,3.02,2.89,2.81,3.03
2022-07-27,2.96,2.82,2.78,3.03
2022-07-28,2.85,2.69,2.68,3.02
2022-07-29,2.89,2.70,2.67,3.00
2022-08-01,2.90,2.66,2.60,2.92
2022-08-02,3.06,2.85,2.75,3.00
2022-08-03,3.10,2.86,2.73,2.96
2022-08-04,3.03,2.76,2.68,2.97
2022-08-05,3.24,2.97,2.83,3.06
2022-08-08,3.21,2.91,2.77,3.00
2022-08-09,3.28,2.97,2.80,3.01
2022-08-10,3.23,2.93,2.78,3.04
2022-08-11,3.23,2.98,2.87,3.15
2022-08-12,3.25,2.97,2.84,3.12
2022-08-15,3.20,2.91,2.79,3.10
2022-08-16,3.25,2.95,2.82,3.11
2022-08-17,3.28,3.04,2.89,3.15
2022-08-18,3.22,3.02,2.88,3.14
2022-08-19,3.25,3.11,2.98,3.22
2022-08-22,3.32,3.17,3.03,3.24
2022-08-23,3.29,3.18,3.05,3.26
2022-08-24,3.36,3.20,3.11,3.32
2022-08-25,3.35,3.15,3.03,3.25
2022-08-26,3.37,3.20,3.04,3.21
2022-08-29,3.42,3.27,3.12,3.25
2022-08-30,3.46,3.27,3.11,3.23
2022-08-31,3.45,3.30,3.15,3.27
2022-09-01,3.51,3.39,3.26,3.37
2022-09-02,3.40,3.30,3.20,3.35
2022-09-06,3.50,3.43,3.33,3.49
2022-09-07,3.45,3.37,3.27,3.42
2022-09-08,3.48,3.39,3.29,3.45
2022-09-09,3.56,3.45,3.33,3.47
2022-09-12,3.58,3.47,3.37,3.53
2022-09-13,3.75,3.58,3.42,3.51
2022-09-14,3.78,3.60,3.41,3.47
2022-09-15,3.87,3.66,3.45,3.48
2022-09-16,3.85,3.62,3.45,3.52
2022-09-19,3.95,3.69,3.49,3.52
2022-09-20,3.96,3.75,3.57,3.59
2022-09-21,4.02,3.74,3.51,3.50
2022-09-22,4.11,3.91,3.70,3.65
2022-09-23,4.20,3.96,3.69,3.61
2022-09-26,4.27,4.15,3.88,3.72
2022-09-27,4.30,4.21,3.97,3.87
2022-09-28,4.07,3.92,3.72,3.70
2022-09-29,4.16,3.98,3.76,3.71
2022-09-30,4.22,4.06,3.83,3.79
2022-10-03,4.12,3.90,3.67,3.73
2022-10-04,4.10,3.84,3.62,3.70
2022-10-05,4.15,3.96,3.76,3.78
2022-10-06,4.23,4.05,3.83,3.81
2022-10-07,4.30,4.14,3.89,3.86
2022-10-11,4.30,4.14,3.93,3.92
2022-10-12,4.28,4.12,3.91,3.90
2022-10-13,4.47,4.21,3.97,3.97
2022-10-14,4.48,4.25,4.00,3.99
2022-10-17,4.45,4.24,4.02,4.04
2022-10-18,4.43,4.21,4.01,4.04
2022-10-19,4.55,4.35,4.14,4.15
2022-10-20,4.62,4.45,4.24,4.24
2022-10-21,4.49,4.34,4.21,4.33
2022-10-24,4.50,4.36,4.25,4.40
2022-10-25,4.42,4.25,4.10,4.26
2022-10-26,4.39,4.20,4.04,4.19
2022-10-27,4.30,4.09,3.96,4.12
2022-10-28,4.41,4.19,4.02,4.15
2022-10-31,4.51,4.27,4.10,4.22
2022-11-01,4.54,4.27,4.07,4.14
2022-11-02,4.61,4.30,4.10,4.15
2022-11-03,4.71,4.36,4.14,4.18
2022-11-04,4.66,4.33,4.17,4.27
2022-11-07,4.72,4.39,4.22,4.34
2022-11-08,4.67,4.31,4.14,4.28
2022-11-09,4.61,4.27,4.12,4.31
2022-11-10,4.34,3.95,3.82,4.03
2022-11-14,4.40,4.00,3.88,4.07
2022-11-15,4.37,3.93,3.80,3.98
2022-11-16,4.35,3.83,3.67,3.85
2022-11-17,4.43,3.93,3.77,3.89
2022-11-18,4.51,3.99,3.82,3.92
2022-11-21,4.48,3.97,3.83,3.91
2022-11-22,4.47,3.93,3.76,3.83
2022-11-23,4.46,3.88,3.71,3.74
2022-11-25,4.42,3.85,3.68,3.74
2022-11-28,4.46,3.88,3.69,3.74
2022-11-29,4.48,3.92,3.75,3.81
2022-11-30,4.38,3.82,3.68,3.80
2022-12-01,4.25,3.68,3.53,3.64
2022-12-02,4.28,3.67,3.51,3.56
2022-12-05,4.41,3.80,3.60,3.62
2022-12-06,4.34,3.73,3.51,3.52
2022-12-07,4.26,3.62,3.42,3.42
2022-12-08,4.31,3.71,3.48,3.44
2022-12-09,4.33,3.75,3.57,3.56
2022-12-12,4.39,3.80,3.61,3.57
2022-12-13,4.22,3.66,3.51,3.53
2022-12-14,4.23,3.64,3.49,3.52
2022-12-15,4.23,3.62,3.44,3.48
2022-12-16,4.17,3.61,3.48,3.53
2022-12-19,4.25,3.70,3.57,3.62
2022-12-20,4.25,3.79,3.69,3.74
2022-12-21,4.21,3.78,3.68,3.74
2022-12-22,4.24,3.79,3.67,3.73
2022-12-23,4.31,3.86,3.75,3.82
2022-12-27,4.32,3.94,3.84,3.93
2022-12-28,4.31,3.97,3.88,3.98
2022-12-29,4.34,3.94,3.83,3.92
2022-12-30,4.41,3.99,3.88,3.97
2023-01-03,4.40,3.94,3.79,3.88
2023-01-04,4.36,3.85,3.69,3.81
2023-01-05,4.45,3.90,3.71,3.78
2023-01-06,4.24,3.69,3.55,3.67
2023-01-09,4.19,3.66,3.53,3.66
2023-01-10,4.24,3.72,3.61,3.74
2023-01-11,4.20,3.66,3.54,3.67
2023-01-12,4.12,3.53,3.43,3.56
2023-01-13,4.22,3.60,3.49,3.61
2023-01-17,4.18,3.60,3.53,3.64
2023-01-18,4.06,3.43,3.37,3.54
2023-01-19,4.09,3.48,3.39,3.57
2023-01-20,4.14,3.56,3.48,3.66
2023-01-23,4.21,3.61,3.52,3.69
2023-01-24,4.12,3.58,3.46,3.62
2023-01-25,4.11,3.54,3.46,3.62
2023-01-26,4.17,3.58,3.49,3.62
2023-01-27,4.19,3.62,3.52,3.64
2023-01-30,4.25,3.68,3.55,3.66
2023-01-31,4.21,3.63,3.52,3.65
2023-02-01,4.09,3.48,3.39,3.55
2023-02-02,4.09,3.49,3.40,3.55
2023-02-03,4.30,3.67,3.53,3.63
2023-02-06,4.44,3.81,3.63,3.67
2023-02-07,4.47,3.85,3.67,3.72
2023-02-08,4.45,3.82,3.63,3.70
2023-02-09,4.48,3.87,3.67,3.75
2023-02-10,4.50,3.93,3.74,3.83
2023-02-13,4.52,3.93,3.72,3.79
2023-02-14,4.60,4.00,3.77,3.81
2023-02-15,4.62,4.04,3.81,3.85
2023-02-16,4.62,4.06,3.86,3.92
2023-02-17,4.60,4.03,3.82,3.88
2023-02-21,4.67,4.16,3.95,3.98
2023-02-22,4.66,4.13,3.93,3.94
2023-02-23,4.66,4.09,3.88,3.88
2023-02-24,4.78,4.19,3.95,3.93
2023-02-27,4.78,4.17,3.92,3.93
2023-02-28,4.81,4.18,3.92,3.93
2023-03-01,4.89,4.27,4.01,3.97
2023-03-02,4.89,4.32,4.08,4.03
2023-03-03,4.86,4.26,3.97,3.90
2023-03-06,4.89,4.27,3.98,3.92
2023-03-07,5.00,4.31,3.97,3.88
2023-03-08,5.05,4.34,3.98,3.88
2023-03-09,4.90,4.22,3.93,3.88
2023-03-10,4.60,3.96,3.70,3.70
2023-03-13,4.03,3.68,3.55,3.70
2023-03-14,4.20,3.78,3.64,3.77
2023-03-15,3.93,3.59,3.51,3.70
2023-03-16,4.14,3.72,3.56,3.71
2023-03-17,3.81,3.44,3.39,3.60
2023-03-20,3.92,3.56,3.47,3.65
2023-03-21,4.17,3.73,3.59,3.73
2023-03-22,3.96,3.54,3.48,3.68
2023-03-23,3.76,3.39,3.38,3.66
2023-03-24,3.76,3.41,3.38,3.64
2023-03-27,3.94,3.59,3.53,3.77
2023-03-28,4.02,3.63,3.55,3.77
2023-03-29,4.08,3.67,3.57,3.78
2023-03-30,4.10,3.66,3.55,3.74
2023-03-31,4.06,3.60,3.48,3.67
2023-04-03,3.97,3.52,3.43,3.64
2023-04-04,3.84,3.39,3.35,3.60
2023-04-05,3.79,3.36,3.30,3.56
2023-04-06,3.82,3.37,3.30,3.54
2023-04-07,3.97,3.49,3.39,3.61
2023-04-10,4.00,3.52,3.41,3.62
2023-04-11,4.03,3.54,3.43,3.62
2023-04-12,3.95,3.46,3.41,3.64
2023-04-13,3.96,3.51,3.45,3.69
2023-04-14,4.08,3.60,3.52,3.74
2023-04-17,4.18,3.69,3.60,3.81
2023-04-18,4.19,3.69,3.58,3.79
2023-04-19,4.24,3.71,3.60,3.79
2023-04-20,4.14,3.63,3.54,3.75
2023-04-21,4.17,3.66,3.57,3.78
2023-04-24,4.12,3.60,3.52,3.73
2023-04-25,3.86,3.43,3.40,3.65
2023-04-26,3.90,3.46,3.43,3.70
2023-04-27,4.07,3.60,3.53,3.76
2023-04-28,4.04,3.51,3.44,3.67
2023-05-01,4.14,3.64,3.59,3.84
2023-05-02,3.97,3.46,3.44,3.72
2023-05-03,3.89,3.37,3.38,3.70
2023-05-04,3.75,3.29,3.37,3.73
2023-05-05,3.92,3.41,3.44,3.76
2023-05-08,4.00,3.49,3.52,3.84
2023-05-09,4.01,3.51,3.53,3.85
2023-05-10,3.90,3.37,3.43,3.80
2023-05-11,3.89,3.36,3.39,3.73
2023-05-12,3.98,3.45,3.46,3.78
2023-05-15,3.99,3.46,3.50,3.84
2023-05-16,4.06,3.52,3.54,3.87
2023-05-17,4.12,3.58,3.57,3.88
2023-05-18,4.24,3.69,3.65,3.91
2023-05-19,4.28,3.76,3.70,3.95
2023-05-22,4.29,3.77,3.72,3.97
2023-05-23,4.26,3.76,3.70,3.96
2023-05-24,4.31,3.75,3.73,3.97
2023-05-25,4.50,3.90,3.83,4.01
2023-05-26,4.54,3.92,3.80,3.96
2023-05-30,4.46,3.81,3.69,3.90
2023-05-31,4.40,3.74,3.64,3.85
2023-06-01,4.33,3.70,3.61,3.84
2023-06-02,4.50,3.84,3.69,3.88
2023-06-05,4.46,3.82,3.69,3.89
2023-06-06,4.51,3.85,3.70,3.87
2023-06-07,4.56,3.93,3.79,3.95
2023-06-08,4.52,3.87,3.73,3.89
2023-06-09,4.59,3.92,3.75,3.89
2023-06-12,4.55,3.89,3.73,3.87
2023-06-13,4.67,4.01,3.84,3.94
2023-06-14,4.74,4.06,3.83,3.90
2023-06-15,4.62,3.91,3.72,3.85
2023-06-16,4.70,3.99,3.77,3.86
2023-06-20,4.68,3.96,3.74,3.83
2023-06-21,4.68,3.95,3.72,3.81
2023-06-22,4.77,4.03,3.80,3.88
2023-06-23,4.71,3.99,3.74,3.82
2023-06-26,4.65,3.96,3.72,3.83
2023-06-27,4.74,4.02,3.77,3.84
2023-06-28,4.71,3.97,3.71,3.81
2023-06-29,4.87,4.14,3.85,3.92
2023-06-30,4.87,4.13,3.81,3.85
2023-07-03,4.94,4.19,3.86,3.87
2023-07-05,4.94,4.25,3.95,3.95
2023-07-06,4.99,4.37,4.05,4.01
2023-07-07,4.94,4.35,4.06,4.05
2023-07-10,4.85,4.25,4.01,4.05
2023-07-11,4.88,4.24,3.99,4.03
2023-07-12,4.72,4.07,3.86,3.96
2023-07-13,4.59,3.93,3.76,3.90
2023-07-14,4.74,4.04,3.83,3.93
2023-07-17,4.74,4.02,3.81,3.94
2023-07-18,4.74,4.00,3.80,3.91
2023-07-19,4.74,3.98,3.75,3.84
2023-07-20,4.80,4.08,3.85,3.91
2023-07-21,4.82,4.09,3.84,3.91
2023-07-24,4.81,4.13,3.86,3.92
2023-07-25,4.85,4.15,3.91,3.95
2023-07-26,4.82,4.09,3.86,3.94
2023-07-27,4.91,4.24,4.01,4.06
2023-07-28,4.87,4.18,3.96,4.03
2023-07-31,4.88,4.18,3.97,4.02
2023-08-01,4.92,4.24,4.05,4.11
2023-08-02,4.88,4.24,4.08,4.17
2023-08-03,4.90,4.30,4.20,4.32
2023-08-04,4.78,4.15,4.05,4.21
2023-08-07,4.76,4.16,4.09,4.27
2023-08-08,4.74,4.10,4.02,4.20
2023-08-09,4.79,4.12,4.00,4.18
2023-08-10,4.82,4.21,4.09,4.24
2023-08-11,4.89,4.31,4.16,4.27
2023-08-14,4.96,4.36,4.19,4.29
2023-08-15,4.92,4.36,4.21,4.32
2023-08-16,4.97,4.42,4.28,4.38
2023-08-17,4.94,4.42,4.30,4.41
2023-08-18,4.92,4.38,4.26,4.38
2023-08-21,4.97,4.46,4.34,4.45
2023-08-22,5.02,4.49,4.34,4.42
2023-08-23,4.95,4.36,4.19,4.27
2023-08-24,4.98,4.39,4.23,4.30
2023-08-25,5.03,4.44,4.25,4.30
2023-08-28,4.98,4.38,4.20,4.29
2023-08-29,4.87,4.26,4.12,4.23
2023-08-30,4.90,4.27,4.12,4.23
2023-08-31,4.85,4.23,4.09,4.20
2023-09-01,4.87,4.29,4.18,4.29
2023-09-05,4.94,4.37,4.27,4.38
2023-09-06,5.01,4.44,4.30,4.37
2023-09-07,4.94,4.38,4.27,4.36
2023-09-08,4.98,4.39,4.26,4.33
2023-09-11,4.97,4.40,4.29,4.37
2023-09-12,4.98,4.41,4.27,4.35
2023-09-13,4.96,4.39,4.25,4.34
2023-09-14,5.00,4.42,4.29,4.39
2023-09-15,5.02,4.45,4.33,4.42
2023-09-18,5.05,4.46,4.32,4.40
2023-09-19,5.08,4.51,4.37,4.43
2023-09-20,5.12,4.52,4.35,4.40
2023-09-21,5.12,4.61,4.49,4.56
2023-09-22,5.10,4.57,4.44,4.53
2023-09-25,5.09,4.62,4.55,4.67
2023-09-26,5.04,4.62,4.56,4.70
2023-09-27,5.10,4.67,4.61,4.73
2023-09-28,5.04,4.62,4.59,4.71
2023-09-29,5.03,4.60,4.59,4.73
2023-10-02,5.12,4.72,4.69,4.81
2023-10-03,5.15,4.80,4.81,4.95
2023-10-04,5.05,4.72,4.73,4.87
2023-10-05,5.03,4.68,4.72,4.89
2023-10-06,5.08,4.75,4.78,4.95
2023-10-10,4.96,4.62,4.66,4.85
2023-10-11,4.99,4.59,4.58,4.73
2023-10-12,5.06,4.69,4.70,4.86
2023-10-13,5.04,4.65,4.63,4.78
2023-10-16,5.09,4.72,4.71,4.87
2023-10-17,5.19,4.86,4.83,4.94
2023-10-18,5.19,4.92,4.91,5.00
2023-10-19,5.14,4.95,4.98,5.11
2023-10-20,5.07,4.86,4.93,5.09
2023-10-23,5.05,4.81,4.86,5.01
2023-10-24,5.02,4.82,4.83,4.96
2023-10-25,5.08,4.89,4.95,5.09
2023-10-26,5.02,4.79,4.86,5.01
2023-10-27,4.99,4.76,4.84,5.03
2023-10-30,5.03,4.80,4.88,5.04
2023-10-31,5.07,4.82,4.88,5.04
2023-11-01,4.95,4.67,4.77,4.96
2023-11-02,4.98,4.65,4.67,4.82
2023-11-03,4.83,4.49,4.57,4.77
2023-11-06,4.93,4.60,4.67,4.84
2023-11-07,4.91,4.53,4.58,4.75
2023-11-08,4.93,4.51,4.49,4.64
2023-11-09,5.03,4.65,4.62,4.77
2023-11-10,5.04,4.65,4.61,4.73
2023-11-13,5.02,4.66,4.63,4.75
2023-11-14,4.80,4.42,4.44,4.61
2023-11-15,4.90,4.52,4.53,4.68
2023-11-16,4.83,4.43,4.45,4.63
2023-11-17,4.88,4.45,4.44,4.59
2023-11-20,4.89,4.44,4.42,4.57
2023-11-21,4.86,4.41,4.41,4.57
2023-11-22,4.89,4.44,4.42,4.55
2023-11-24,4.92,4.49,4.47,4.60
2023-11-27,4.84,4.38,4.39,4.53
2023-11-28,4.73,4.29,4.34,4.52
2023-11-29,4.64,4.22,4.27,4.44
2023-11-30,4.73,4.31,4.37,4.54
2023-12-01,4.56,4.14,4.22,4.40
2023-12-04,4.64,4.23,4.28,4.43
2023-12-05,4.57,4.14,4.18,4.30
2023-12-06,4.60,4.12,4.12,4.22
2023-12-07,4.58,4.11,4.14,4.25
2023-12-08,4.71,4.24,4.23,4.31
2023-12-11,4.71,4.25,4.23,4.32
2023-12-12,4.73,4.23,4.20,4.30
2023-12-13,4.46,4.00,4.04,4.19
2023-12-14,4.37,3.90,3.92,4.03
2023-12-15,4.44,3.91,3.91,4.00
2023-12-18,4.43,3.94,3.95,4.05
2023-12-19,4.41,3.94,3.93,4.03
2023-12-20,4.34,3.86,3.86,3.98
2023-12-21,4.33,3.87,3.89,4.03
2023-12-22,4.31,3.87,3.90,4.05
2023-12-26,4.26,3.89,3.89,4.04
2023-12-27,4.20,3.78,3.79,3.95
2023-12-28,4.26,3.83,3.84,3.98
2023-12-29,4.23,3.84,3.88,4.03
2024-01-02,4.33,3.93,3.95,4.08
2024-01-03,4.33,3.90,3.91,4.05
2024-01-04,4.38,3.97,3.99,4.13
2024-01-05,4.40,4.02,4.05,4.21
2024-01-08,4.36,3.97,4.01,4.17
2024-01-09,4.36,3.97,4.02,4.18
2024-01-10,4.37,3.99,4.04,4.20
2024-01-11,4.26,3.90,3.98,4.18
2024-01-12,4.14,3.84,3.96,4.20
2024-01-16,4.22,3.95,4.07,4.30
2024-01-17,4.34,4.02,4.10,4.31
2024-01-18,4.34,4.04,4.14,4.37
2024-01-19,4.39,4.08,4.15,4.36
2024-01-22,4.37,4.03,4.11,4.32
2024-01-23,4.31,4.06,4.14,4.38
2024-01-24,4.34,4.06,4.18,4.41
2024-01-25,4.28,4.01,4.14,4.38
2024-01-26,4.34,4.04,4.15,4.38
2024-01-29,4.29,3.97,4.08,4.31
2024-01-30,4.36,4.00,4.06,4.28
2024-01-31,4.27,3.91,3.99,4.22
2024-02-01,4.20,3.80,3.87,4.10
2024-02-02,4.36,3.99,4.03,4.22
2024-02-05,4.46,4.13,4.17,4.35
2024-02-06,4.39,4.03,4.09,4.29
2024-02-07,4.41,4.06,4.09,4.31
2024-02-08,4.46,4.12,4.15,4.36
2024-02-09,4.48,4.14,4.17,4.37
2024-02-12,4.46,4.13,4.17,4.37
2024-02-13,4.64,4.31,4.31,4.46
2024-02-14,4.56,4.25,4.27,4.45
2024-02-15,4.56,4.22,4.24,4.42
2024-02-16,4.64,4.29,4.3,4.45
2024-02-20,4.59,4.25,4.27,4.44
2024-02-21,4.64,4.3,4.32,4.49
2024-02-22,4.69,4.33,4.33,4.47
2024-02-23,4.67,4.28,4.26,4.37
2024-02-26,4.69,4.29,4.28,4.4
2024-02-27,4.7,4.32,4.31,4.44
2024-02-28,4.64,4.26,4.27,4.4
2024-02-29,4.64,4.26,4.25,4.38
2024-03-01,4.54,4.17,4.19,4.33
2024-03-04,4.61,4.21,4.22,4.36
2024-03-05,4.54,4.13,4.13,4.27
2024-03-06,4.55,4.12,4.11,4.24
2024-03-07,4.5,4.07,4.09,4.25
2024-03-08,4.48,4.06,4.09,4.26
2024-03-11,4.51,4.08,4.1,4.26
2024-03-12,4.58,4.15,4.16,4.31
2024-03-13,4.61,4.19,4.19,4.35
2024-03-14,4.68,4.29,4.29,4.44
2024-03-15,4.72,4.33,4.31,4.43
2024-03-18,4.73,4.36,4.34,4.46
2024-03-19,4.68,4.31,4.3,4.44
2024-03-20,4.59,4.25,4.27,4.45
2024-03-21,4.62,4.26,4.27,4.44
2024-03-22,4.59,4.2,4.22,4.39
2024-03-25,4.54,4.23,4.25,4.42
2024-03-26,4.56,4.22,4.24,4.4
2024-03-27,4.54,4.18,4.2,4.36
2024-03-28,4.59,4.21,4.2,4.34
2024-04-01,4.72,4.34,4.33,4.47
2024-04-02,4.7,4.35,4.36,4.51
2024-04-03,4.68,4.34,4.36,4.51
2024-04-04,4.65,4.3,4.31,4.47
2024-04-05,4.73,4.38,4.39,4.54
2024-04-08,4.78,4.43,4.42,4.55
2024-04-09,4.74,4.37,4.36,4.5
2024-04-10,4.97,4.61,4.55,4.64
2024-04-11,4.93,4.61,4.56,4.65
2024-04-12,4.88,4.54,4.5,4.61
2024-04-15,4.93,4.65,4.63,4.74
2024-04-16,4.97,4.69,4.67,4.77
2024-04-17,4.93,4.62,4.59,4.71
2024-04-18,4.98,4.68,4.64,4.74
2024-04-19,4.97,4.66,4.62,4.72
2024-04-22,4.97,4.66,4.62,4.72
2024-04-23,4.86,4.63,4.61,4.73
2024-04-24,4.89,4.64,4.65,4.78
2024-04-25,4.96,4.7,4.7,4.82
2024-04-26,4.96,4.68,4.67,4.78
2024-04-29,4.97,4.65,4.63,4.75
2024-04-30,5.04,4.72,4.69,4.79
2024-05-01,4.96,4.64,4.63,4.74
2024-05-02,4.87,4.57,4.58,4.72
2024-05-03,4.81,4.48,4.5,4.66
2024-05-06,4.82,4.48,4.49,4.64
2024-05-07,4.82,4.48,4.47,4.61
2024-05-08,4.84,4.5,4.48,4.64
2024-05-09,4.8,4.47,4.45,4.6
2024-05-10,4.87,4.52,4.5,4.64
2024-05-13,4.85,4.5,4.48,4.63
2024-05-14,4.81,4.46,4.45,4.59
2024-05-15,4.73,4.35,4.36,4.52
2024-05-16,4.78,4.4,4.38,4.52
2024-05-17,4.83,4.44,4.42,4.56
2024-05-20,4.82,4.46,4.44,4.58
2024-05-21,4.82,4.43,4.41,4.55
2024-05-22,4.86,4.47,4.43,4.55
2024-05-23,4.91,4.52,4.47,4.58
2024-05-24,4.93,4.53,4.46,4.57
2024-05-28,4.94,4.56,4.54,4.66
2024-05-29,4.96,4.63,4.61,4.74
2024-05-30,4.92,4.57,4.55,4.69
2024-05-31,4.89,4.52,4.51,4.65
2024-06-03,4.82,4.42,4.41,4.55
2024-06-04,4.77,4.35,4.33,4.48
2024-06-05,4.72,4.31,4.29,4.44
2024-06-06,4.72,4.29,4.28,4.43
2024-06-07,4.87,4.46,4.43,4.55
2024-06-10,4.87,4.48,4.47,4.59
2024-06-11,4.81,4.41,4.39,4.53
2024-06-12,4.75,4.32,4.31,4.47
2024-06-13,4.68,4.24,4.24,4.4
2024-06-14,4.67,4.22,4.2,4.34
2024-06-17,4.75,4.3,4.28,4.4
2024-06-18,4.69,4.24,4.22,4.36
2024-06-20,4.7,4.26,4.25,4.39
2024-06-21,4.7,4.26,4.25,4.39
2024-06-24,4.71,4.27,4.25,4.38
2024-06-25,4.65,4.25,4.23,4.36
2024-06-26,4.71,4.32,4.32,4.45
2024-06-27,4.7,4.29,4.29,4.43
2024-06-28,4.71,4.33,4.36,4.51
2024-07-01,4.77,4.44,4.48,4.64
2024-07-02,4.74,4.39,4.43,4.6
2024-07-03,4.71,4.33,4.36,4.53
2024-07-05,4.6,4.22,4.28,4.47
2024-07-08,4.62,4.23,4.28,4.46
2024-07-09,4.62,4.24,4.3,4.49
2024-07-10,4.62,4.24,4.28,4.47
2024-07-11,4.5,4.13,4.2,4.41
2024-07-12,4.45,4.1,4.18,4.39
2024-07-15,4.44,4.13,4.23,4.46
2024-07-16,4.43,4.09,4.17,4.38
2024-07-17,4.42,4.07,4.16,4.37
2024-07-18,4.46,4.11,4.2,4.41
2024-07-19,4.49,4.16,4.25,4.45
2024-07-22,4.5,4.17,4.26,4.48
2024-07-23,4.4,4.15,4.25,4.48
2024-07-24,4.37,4.12,4.28,4.54
2024-07-25,4.41,4.13,4.27,4.5
2024-07-26,4.36,4.06,4.2,4.45
2024-07-29,4.36,4.05,4.17,4.42
2024-07-30,4.35,4.03,4.15,4.4
2024-07-31,4.29,3.97,4.09,4.35
2024-08-01,4.16,3.84,3.99,4.27
2024-08-02,3.88,3.62,3.8,4.11
2024-08-05,3.89,3.62,3.78,4.06
2024-08-06,3.99,3.73,3.9,4.18
2024-08-07,4.0,3.79,3.96,4.26
2024-08-08,4.04,3.83,3.99,4.28
2024-08-09,4.05,3.8,3.94,4.23
2024-08-12,4.01,3.75,3.9,4.19
2024-08-13,3.93,3.68,3.85,4.16
2024-08-14,3.94,3.67,3.83,4.12
2024-08-15,4.08,3.79,3.92,4.18
2024-08-16,4.06,3.77,3.89,4.15
2024-08-19,4.06,3.75,3.86,4.11
2024-08-20,3.99,3.7,3.82,4.07
2024-08-21,3.92,3.64,3.79,4.06
2024-08-22,3.99,3.72,3.86,4.13
2024-08-23,3.9,3.65,3.81,4.1
2024-08-26,3.91,3.66,3.82,4.11
2024-08-27,3.83,3.66,3.83,4.13
2024-08-28,3.83,3.63,3.84,4.13
2024-08-29,3.87,3.66,3.87,4.15
2024-08-30,3.91,3.71,3.91,4.2
2024-09-03,3.88,3.65,3.84,4.13
2024-09-04,3.76,3.56,3.77,4.06
2024-09-05,3.75,3.54,3.73,4.02
2024-09-06,3.66,3.5,3.72,4.03
2024-09-09,3.68,3.49,3.7,4.0
2024-09-10,3.59,3.43,3.65,3.97
2024-09-11,3.62,3.45,3.65,3.96
2024-09-12,3.64,3.47,3.68,4.0
2024-09-13,3.57,3.43,3.66,3.98
2024-09-16,3.56,3.41,3.63,3.94
2024-09-17,3.59,3.44,3.65,3.96
2024-09-18,3.61,3.47,3.7,4.03
2024-09-19,3.59,3.49,3.73,4.06
2024-09-20,3.55,3.48,3.73,4.07
2024-09-23,3.57,3.51,3.75,4.09
2024-09-24,3.49,3.47,3.74,4.09
2024-09-25,3.53,3.52,3.79,4.14
2024-09-26,3.6,3.55,3.79,4.12
2024-09-27,3.55,3.5,3.75,4.1
2024-09-30,3.66,3.58,3.81,4.14
2024-10-01,3.61,3.51,3.74,4.08
2024-10-02,3.63,3.55,3.79,4.14
2024-10-03,3.7,3.62,3.85,4.18
2024-10-04,3.93,3.81,3.98,4.26
2024-10-07,3.99,3.86,4.03,4.3
2024-10-08,3.98,3.86,4.04,4.32
2024-10-09,3.99,3.91,4.06,4.34
2024-10-10,3.98,3.91,4.09,4.38
2024-10-11,3.95,3.88,4.08,4.39
2024-10-15,3.95,3.86,4.03,4.32
2024-10-16,3.93,3.84,4.02,4.3
2024-10-17,3.96,3.9,4.09,4.39
2024-10-18,3.95,3.88,4.08,4.38
2024-10-21,4.02,3.98,4.19,4.49
2024-10-22,4.03,4.0,4.2,4.49
2024-10-23,4.07,4.05,4.24,4.51
2024-10-24,4.07,4.03,4.21,4.47
2024-10-25,4.11,4.07,4.25,4.51
2024-10-28,4.12,4.11,4.28,4.53
2024-10-29,4.11,4.11,4.28,4.52
2024-10-30,4.15,4.14,4.29,4.49
2024-10-31,4.16,4.15,4.28,4.47
2024-11-01,4.21,4.22,4.37,4.57
2024-11-04,4.17,4.17,4.31,4.5
2024-11-05,4.19,4.16,4.26,4.44
2024-11-06,4.27,4.27,4.42,4.6
2024-11-07,4.21,4.17,4.31,4.52
2024-11-08,4.26,4.2,4.3,4.47
2024-11-12,4.34,4.32,4.43,4.58
2024-11-13,4.27,4.3,4.44,4.63
2024-11-14,4.34,4.32,4.43,4.58
2024-11-15,4.31,4.3,4.43,4.6
2024-11-18,4.29,4.28,4.42,4.61
2024-11-19,4.27,4.25,4.39,4.57
2024-11-20,4.31,4.28,4.41,4.59
2024-11-21,4.34,4.3,4.43,4.61
2024-11-22,4.37,4.3,4.41,4.6
2024-11-25,4.21,4.17,4.27,4.45
2024-11-26,4.21,4.17,4.3,4.48
2024-11-27,4.19,4.11,4.25,4.44
2024-11-29,4.13,4.05,4.18,4.36
2024-12-02,4.17,4.08,4.19,4.36
2024-12-03,4.17,4.11,4.23,4.4
2024-12-04,4.13,4.07,4.19,4.35
2024-12-05,4.15,4.07,4.17,4.33
2024-12-06,4.1,4.03,4.15,4.34
2024-12-09,4.13,4.07,4.2,4.39
2024-12-10,4.15,4.09,4.22,4.41
2024-12-11,4.15,4.13,4.26,4.48
2024-12-12,4.18,4.18,4.32,4.55
2024-12-13,4.25,4.25,4.4,4.61
2024-12-16,4.25,4.25,4.39,4.6
2024-12-17,4.25,4.26,4.4,4.59
2024-12-18,4.35,4.4,4.5,4.65
2024-12-19,4.32,4.43,4.57,4.74
2024-12-20,4.3,4.37,4.52,4.72
2024-12-23,4.3,4.44,4.59,4.78
2024-12-24,4.29,4.43,4.59,4.76
2024-12-26,4.3,4.42,4.58,4.76
2024-12-27,4.31,4.45,4.62,4.82
2024-12-30,4.24,4.37,4.55,4.77
2024-12-31,4.25,4.38,4.58,4.78
2025-01-02,4.25,4.38,4.57,4.79
2025-01-03,4.28,4.41,4.6,4.82
2025-01-06,4.28,4.42,4.62,4.85
2025-01-07,4.3,4.46,4.67,4.91
2025-01-08,4.28,4.45,4.67,4.91
2025-01-09,4.27,4.46,4.68,4.92
2025-01-10,4.4,4.59,4.77,4.96
2025-01-13,4.4,4.61,4.79,4.97
2025-01-14,4.37,4.59,4.78,4.98
2025-01-15,4.27,4.45,4.66,4.88
2025-01-16,4.23,4.39,4.61,4.84
2025-01-17,4.27,4.42,4.61,4.84
2025-01-21,4.29,4.4,4.57,4.8
2025-01-22,4.29,4.43,4.6,4.82
2025-01-23,4.29,4.45,4.65,4.87
2025-01-24,4.27,4.43,4.63,4.85
2025-01-27,4.17,4.32,4.53,4.76
2025-01-28,4.19,4.33,4.55,4.78
2025-01-29,4.21,4.35,4.55,4.79
2025-01-30,4.18,4.31,4.52,4.76
2025-01-31,4.22,4.36,4.58,4.83
2025-02-03,4.26,4.35,4.54,4.77
2025-02-04,4.21,4.31,4.52,4.75
2025-02-05,4.17,4.24,4.43,4.64
2025-02-06,4.21,4.28,4.45,4.65
2025-02-07,4.29,4.34,4.49,4.69
2025-02-10,4.28,4.34,4.51,4.71
2025-02-11,4.29,4.37,4.54,4.75
2025-02-12,4.36,4.48,4.62,4.83
2025-02-13,4.31,4.39,4.52,4.72
2025-02-14,4.26,4.33,4.47,4.69
2025-02-18,4.29,4.4,4.55,4.77
2025-02-19,4.28,4.37,4.53,4.76
2025-02-20,4.28,4.34,4.5,4.74
2025-02-21,4.19,4.26,4.42,4.67
2025-02-24,4.13,4.23,4.4,4.66
2025-02-25,4.07,4.12,4.3,4.55
2025-02-26,4.05,4.06,4.25,4.51
2025-02-27,4.07,4.09,4.29,4.56
2025-02-28,3.99,4.03,4.24,4.51
2025-03-03,3.96,3.97,4.16,4.45
2025-03-04,3.96,4.01,4.22,4.53
2025-03-05,3.99,4.08,4.28,4.57
2025-03-06,3.96,4.06,4.29,4.58
2025-03-07,3.99,4.09,4.32,4.62
2025-03-10,3.89,3.98,4.22,4.54
2025-03-11,3.94,4.03,4.28,4.59
2025-03-12,4.01,4.09,4.32,4.63
2025-03-13,3.94,4.02,4.27,4.59
2025-03-14,4.02,4.09,4.31,4.62
2025-03-17,4.06,4.11,4.31,4.6
2025-03-18,4.04,4.07,4.29,4.58
2025-03-19,3.99,4.03,4.25,4.56
2025-03-20,3.95,4.01,4.24,4.55
2025-03-21,3.94,4.0,4.25,4.59
2025-03-24,4.04,4.09,4.34,4.66
2025-03-25,3.96,4.07,4.31,4.65
2025-03-26,3.98,4.08,4.35,4.69
2025-03-27,3.97,4.09,4.38,4.73
2025-03-28,3.89,3.98,4.27,4.64
2025-03-31,3.89,3.96,4.23,4.59
2025-04-01,3.87,3.91,4.17,4.52
2025-04-02,3.91,3.95,4.2,4.54
2025-04-03,3.71,3.75,4.06,4.49
2025-04-04,3.68,3.72,4.01,4.41
2025-04-07,3.73,3.82,4.15,4.58
2025-04-08,3.71,3.88,4.26,4.71
2025-04-09,3.91,4.06,4.34,4.72
2025-04-10,3.84,4.04,4.4,4.86
2025-04-11,3.96,4.15,4.48,4.85
2025-04-14,3.84,4.02,4.38,4.8
2025-04-15,3.84,3.98,4.35,4.79
2025-04-16,3.77,3.91,4.29,4.74
2025-04-17,3.81,3.95,4.34,4.8
2025-04-21,3.75,3.97,4.42,4.91
2025-04-22,3.76,3.98,4.41,4.88
2025-04-23,3.81,4.0,4.4,4.83
2025-04-24,3.77,3.91,4.32,4.77
2025-04-25,3.74,3.88,4.29,4.74
2025-04-28,3.67,3.81,4.23,4.69
2025-04-29,3.65,3.77,4.19,4.64
2025-04-30,3.6,3.72,4.17,4.66
2025-05-01,3.7,3.81,4.25,4.74
2025-05-02,3.83,3.92,4.33,4.79
2025-05-05,3.83,3.95,4.36,4.83
2025-05-06,3.78,3.9,4.3,4.81
2025-05-07,3.78,3.87,4.26,4.77
2025-05-08,3.9,4.0,4.37,4.83
2025-05-09,3.88,4.0,4.37,4.83
2025-05-12,3.98,4.09,4.45,4.89
2025-05-13,4.02,4.12,4.49,4.94
2025-05-14,4.05,4.17,4.53,4.97
2025-05-15,3.96,4.07,4.45,4.91
2025-05-16,3.98,4.06,4.43,4.89
2025-05-19,3.97,4.07,4.46,4.92
2025-05-20,3.97,4.07,4.48,4.96
2025-05-21,4.0,4.15,4.58,5.08
2025-05-22,4.0,4.11,4.54,5.05
2025-05-23,4.0,4.08,4.51,5.04
2025-05-27,3.92,4.04,4.43,4.94
2025-05-28,3.96,4.05,4.47,4.97
2025-05-29,3.92,4.0,4.43,4.92
2025-05-30,3.89,3.96,4.41,4.92
2025-06-02,3.94,4.01,4.46,4.99
2025-06-03,3.96,4.04,4.46,4.98
2025-06-04,3.87,3.93,4.37,4.89
2025-06-05,3.92,3.99,4.4,4.88
2025-06-06,4.04,4.13,4.51,4.97
2025-06-09,4.01,4.09,4.49,4.95
2025-06-10,4.01,4.08,4.47,4.93
2025-06-11,3.94,4.02,4.41,4.91
2025-06-12,3.9,3.97,4.36,4.84
2025-06-13,3.96,4.02,4.41,4.9
2025-06-16,3.97,4.04,4.46,4.96
2025-06-17,3.94,3.99,4.39,4.88
2025-06-18,3.94,3.98,4.38,4.88
2025-06-20,3.9,3.96,4.38,4.89
2025-06-23,3.84,3.91,4.34,4.87
2025-06-24,3.75,3.86,4.3,4.83
2025-06-25,3.74,3.83,4.29,4.83
2025-06-26,3.7,3.79,4.26,4.81
2025-06-27,3.73,3.83,4.29,4.85
2025-06-30,3.72,3.79,4.24,4.78
2025-07-01,3.78,3.84,4.26,4.78
2025-07-02,3.78,3.87,4.3,4.82
2025-07-03,3.88,3.94,4.35,4.86
2025-07-07,3.9,3.96,4.4,4.92
2025-07-08,3.9,3.99,4.42,4.94
2025-07-09,3.86,3.92,4.34,4.87
2025-07-10,3.86,3.93,4.35,4.86
2025-07-11,3.9,3.99,4.43,4.96
2025-07-14,3.9,3.98,4.43,4.97
2025-07-15,3.95,4.05,4.5,5.01
2025-07-16,3.88,3.99,4.46,5.01
2025-07-17,3.91,4.01,4.47,5.01
2025-07-18,3.88,3.96,4.44,5.0
2025-07-21,3.85,3.91,4.38,4.94
2025-07-22,3.83,3.88,4.35,4.9
2025-07-23,3.88,3.94,4.4,4.95
2025-07-24,3.91,3.98,4.43,4.96
2025-07-25,3.91,3.95,4.4,4.92
2025-07-28,3.91,3.96,4.42,4.96
2025-07-29,3.86,3.9,4.34,4.86
2025-07-30,3.94,3.96,4.38,4.89
2025-07-31,3.94,3.96,4.37,4.89
2025-08-01,3.69,3.77,4.23,4.81
2025-08-04,3.69,3.75,4.22,4.8
2025-08-05,3.72,3.77,4.22,4.78
2025-08-06,3.69,3.77,4.22,4.81
2025-08-07,3.72,3.79,4.23,4.81
2025-08-08,3.76,3.84,4.27,4.85
2025-08-11,3.76,3.83,4.27,4.84
2025-08-12,3.72,3.83,4.29,4.88
2025-08-13,3.67,3.77,4.24,4.83
2025-08-14,3.74,3.82,4.29,4.88
2025-08-15,3.75,3.85,4.33,4.92
2025-08-18,3.77,3.86,4.34,4.94
2025-08-19,3.75,3.82,4.3,4.9
2025-08-20,3.74,3.81,4.29,4.89
2025-08-21,3.79,3.86,4.33,4.92
2025-08-22,3.68,3.76,4.26,4.88
2025-08-25,3.73,3.8,4.28,4.89
2025-08-26,3.61,3.75,4.26,4.9
2025-08-27,3.59,3.69,4.24,4.91
2025-08-28,3.62,3.69,4.22,4.88
2025-08-29,3.59,3.68,4.23,4.92
2025-09-02,3.66,3.74,4.28,4.97
2025-09-03,3.61,3.69,4.22,4.9
2025-09-04,3.59,3.65,4.17,4.86
2025-09-05,3.51,3.59,4.1,4.78
2025-09-08,3.49,3.57,4.05,4.69
2025-09-09,3.54,3.61,4.08,4.72
2025-09-10,3.54,3.59,4.04,4.69
2025-09-11,3.52,3.59,4.01,4.65
2025-09-12,3.56,3.63,4.06,4.68
2025-09-15,3.54,3.61,4.05,4.66
2025-09-16,3.51,3.59,4.04,4.65
2025-09-17,3.52,3.62,4.06,4.66
2025-09-18,3.57,3.67,4.11,4.72
2025-09-19,3.57,3.68,4.14,4.75
2025-09-22,3.61,3.71,4.15,4.77
2025-09-23,3.53,3.68,4.12,4.73
2025-09-24,3.57,3.7,4.16,4.76
2025-09-25,3.64,3.75,4.18,4.75
2025-09-26,3.63,3.76,4.2,4.77
2025-09-29,3.63,3.74,4.15,4.71
2025-09-30,3.6,3.74,4.16,4.73
2025-10-01,3.55,3.68,4.12,4.72
2025-10-02,3.55,3.67,4.1,4.69
2025-10-03,3.58,3.72,4.13,4.71
2025-10-06,3.6,3.75,4.18,4.76
2025-10-07,3.57,3.71,4.14,4.73
2025-10-08,3.58,3.72,4.13,4.72
2025-10-09,3.6,3.74,4.14,4.72
2025-10-10,3.52,3.65,4.05,4.63
2025-10-14,3.48,3.6,4.03,4.62
2025-10-15,3.5,3.63,4.05,4.64
2025-10-16,3.41,3.55,3.99,4.58
2025-10-17,3.46,3.59,4.02,4.6
2025-10-20,3.46,3.58,4.0,4.58
2025-10-21,3.45,3.56,3.98,4.55
2025-10-22,3.45,3.56,3.97,4.54
2025-10-23,3.48,3.61,4.01,4.58
2025-10-24,3.48,3.61,4.02,4.59
2025-10-27,3.48,3.61,4.01,4.57
2025-10-28,3.47,3.6,3.99,4.55
2025-10-29,3.59,3.7,4.08,4.61
2025-10-30,3.61,3.72,4.11,4.65
2025-10-31,3.6,3.71,4.11,4.67
2025-11-03,3.6,3.72,4.13,4.69
2025-11-04,3.58,3.69,4.1,4.67
2025-11-05,3.63,3.76,4.17,4.74
2025-11-06,3.57,3.69,4.11,4.69
2025-11-07,3.55,3.67,4.11,4.7
2025-11-10,3.58,3.72,4.13,4.71
2025-11-12,3.56,3.68,4.08,4.67
2025-11-13,3.58,3.71,4.11,4.7
2025-11-14,3.62,3.74,4.14,4.74
2025-11-17,3.6,3.72,4.13,4.73
2025-11-18,3.58,3.7,4.12,4.74
2025-11-19,3.58,3.71,4.13,4.75
2025-11-20,3.55,3.68,4.1,4.73
2025-11-21,3.51,3.62,4.06,4.71
2025-11-24,3.46,3.61,4.04,4.68
2025-11-25,3.43,3.55,4.01,4.67
2025-11-26,3.45,3.56,4.0,4.64
2025-11-28,3.47,3.59,4.02,4.67
2025-12-01,3.54,3.67,4.09,4.74
2025-12-02,3.51,3.66,4.09,4.74
2025-12-03,3.49,3.62,4.06,4.73
2025-12-04,3.52,3.68,4.11,4.76
2025-12-05,3.56,3.72,4.14,4.79
2025-12-08,3.57,3.75,4.17,4.81
2025-12-09,3.61,3.78,4.18,4.8
2025-12-10,3.54,3.72,4.13,4.78
2025-12-11,3.52,3.72,4.14,4.79
2025-12-12,3.52,3.75,4.19,4.85
2025-12-15,3.51,3.73,4.18,4.84
2025-12-16,3.48,3.69,4.15,4.82
2025-12-17,3.49,3.7,4.16,4.83
2025-12-18,3.46,3.66,4.12,4.8
2025-12-19,3.48,3.7,4.16,4.82
2025-12-22,3.44,3.71,4.17,4.84
2025-12-23,3.48,3.72,4.18,4.83
2025-12-24,3.47,3.7,4.15,4.79
2025-12-26,3.46,3.68,4.14,4.81
2025-12-29,3.45,3.67,4.12,4.8
2025-12-30,3.45,3.68,4.14,4.81
2025-12-31,3.47,3.73,4.18,4.84
2026-01-02,3.47,3.74,4.19,4.86
2026-01-05,3.46,3.71,4.17,4.85
2026-01-06,3.47,3.72,4.18,4.86
2026-01-07,3.47,3.7,4.15,4.82
2026-01-08,3.49,3.74,4.19,4.85
2026-01-09,3.54,3.75,4.18,4.82
2026-01-12,3.54,3.77,4.19,4.83
2026-01-13,3.53,3.75,4.18,4.83
2026-01-14,3.51,3.72,4.15,4.79
2026-01-15,3.56,3.77,4.17,4.79
2026-01-16,3.59,3.82,4.24,4.83
2026-01-20,3.6,3.86,4.3,4.91
2026-01-21,3.6,3.83,4.26,4.87
2026-01-22,3.61,3.85,4.26,4.84
2026-01-23,3.6,3.84,4.24,4.82
2026-01-26,3.56,3.82,4.22,4.8
2026-01-27,3.53,3.81,4.24,4.83
2026-01-28,3.56,3.83,4.26,4.85
2026-01-29,3.53,3.8,4.24,4.85
2026-01-30,3.52,3.79,4.26,4.87
2026-02-02,3.57,3.83,4.29,4.9
2026-02-03,3.57,3.83,4.28,4.9
2026-02-04,3.57,3.83,4.29,4.91
2026-02-05,3.47,3.74,4.21,4.85
2026-02-06,3.5,3.76,4.22,4.85
2026-02-09,3.48,3.75,4.22,4.85
2026-02-10,3.45,3.7,4.16,4.78
2026-02-11,3.52,3.75,4.18,4.82
2026-02-12,3.47,3.67,4.09,4.72
2026-02-13,3.4,3.61,4.04,4.69
2026-02-17,3.43,3.63,4.05,4.68
2026-02-18,3.47,3.66,4.09,4.71
2026-02-19,3.47,3.65,4.08,4.7
2026-02-20,3.48,3.65,4.08,4.72
2026-02-23,3.43,3.59,4.03,4.7
2026-02-24,3.43,3.61,4.04,4.7
2026-02-25,3.45,3.61,4.05,4.7
2026-02-26,3.42,3.57,4.02,4.67
2026-02-27,3.38,3.51,3.97,4.64
2026-03-02,3.47,3.62,4.05,4.7
2026-03-03,3.51,3.63,4.06,4.7
2026-03-04,3.54,3.67,4.09,4.72
2026-03-05,3.57,3.72,4.13,4.74
2026-03-06,3.56,3.72,4.15,4.77
2026-03-09,3.56,3.71,4.12,4.72
2026-03-10,3.57,3.73,4.15,4.78
2026-03-11,3.64,3.79,4.21,4.86
2026-03-12,3.76,3.88,4.27,4.88
2026-03-13,3.73,3.87,4.28,4.9
2026-03-16,3.68,3.8,4.23,4.86
2026-03-17,3.68,3.79,4.2,4.85
2026-03-18,3.76,3.87,4.26,4.88
2026-03-19,3.79,3.88,4.25,4.83
2026-03-20,3.88,4.01,4.39,4.96
2026-03-23,3.83,3.95,4.34,4.91
2026-03-24,3.9,4.03,4.39,4.94
2026-03-25,3.84,3.96,4.33,4.89
2026-03-26,3.96,4.08,4.42,4.93
2026-03-27,3.88,4.06,4.44,4.98
2026-03-30,3.82,3.97,4.35,4.91
2026-03-31,3.79,3.92,4.3,4.88
2026-04-01,3.81,3.97,4.33,4.91
2026-04-02,3.79,3.94,4.31,4.88
2026-04-03,3.84,3.99,4.35,4.91
2026-04-06,3.84,3.98,4.34,4.89
2026-04-07,3.81,3.95,4.33,4.9
2026-04-08,3.79,3.92,4.29,4.89
2026-04-09,3.78,3.91,4.29,4.9
2026-04-10,3.81,3.94,4.31,4.91
2026-04-13,3.78,3.92,4.3,4.9
2026-04-14,3.76,3.87,4.26,4.87
2026-04-15,3.76,3.9,4.29,4.89
2026-04-16,3.78,3.91,4.32,4.93
2026-04-17,3.71,3.84,4.26,4.88
2026-04-20,3.72,3.86,4.26,4.88
2026-04-21,3.78,3.91,4.3,4.89
2026-04-22,3.79,3.91,4.3,4.9
2026-04-23,3.83,3.96,4.34,4.92
2026-04-24,3.78,3.92,4.31,4.91
2026-04-27,3.78,3.94,4.35,4.94
2026-04-28,3.84,3.97,4.36,4.94
2026-04-29,3.92,4.05,4.42,4.98
2026-04-30,3.88,4.02,4.4,4.98
2026-05-01,3.88,4.02,4.39,4.97
2026-05-04,3.95,4.08,4.45,5.02
2026-05-05,3.93,4.08,4.43,4.98
2026-05-06,3.87,3.99,4.36,4.94
2026-05-07,3.92,4.04,4.41,4.97
2026-05-08,3.9,4.02,4.38,4.95
2026-05-11,3.95,4.07,4.42,4.98
2026-05-12,4.0,4.12,4.46,5.03
2026-05-13,3.98,4.12,4.46,5.03
2026-05-14,4.0,4.13,4.47,5.02
2026-05-15,4.09,4.26,4.59,5.12
2026-05-18,4.07,4.27,4.61,5.14
2026-05-19,4.13,4.32,4.67,5.18
2026-05-20,4.04,4.22,4.57,5.11
2026-05-21,4.08,4.25,4.57,5.1
2026-05-22,4.13,4.27,4.56,5.07
2026-05-26,4.01,4.19,4.5,5.03
2026-05-27,4.0,4.17,4.48,5.01
2026-05-28,3.99,4.15,4.45,4.98
2026-05-29,3.98,4.13,4.45,4.99
2026-06-01,4.05,4.18,4.47,4.99
2026-06-02,4.05,4.17,4.46,4.97
2026-06-03,4.08,4.21,4.49,4.99
2026-06-04,4.05,4.18,4.47,4.97
2026-06-05,4.17,4.29,4.55,5.01
2026-06-08,4.15,4.29,4.56,5.03
2026-06-09,4.13,4.26,4.53,5.01
2026-06-10,4.13,4.27,4.55,5.03
2026-06-11,4.05,4.18,4.45,4.95
2026-06-12,4.09,4.21,4.48,4.97
2026-06-15,4.07,4.18,4.47,4.97
2026-06-16,4.05,4.16,4.43,4.93
2026-06-17,4.2,4.27,4.49,4.93
2026-06-18,4.19,4.23,4.46,4.9
2026-06-22,4.24,4.29,4.51,4.95
2026-06-23,4.16,4.27,4.5,4.94
2026-06-24,4.11,4.17,4.41,4.86
2026-06-25,4.09,4.15,4.4,4.86
2026-06-26,4.07,4.12,4.38,4.87
2026-06-29,4.1,4.14,4.38,4.86
2026-06-30,4.14,4.19,4.44,4.91
2026-07-01,4.17,4.24,4.48,4.97
2026-07-02,4.14,4.23,4.49,4.98
2026-07-06,4.13,4.21,4.48,4.99
2026-07-07,4.19,4.27,4.55,5.05
2026-07-08,4.21,4.31,4.56,5.06
2026-07-09,4.16,4.27,4.54,5.05
2026-07-10,4.21,4.3,4.56,5.06
2026-07-13,4.26,4.37,4.62,5.1
2026-07-14,4.18,4.31,4.58,5.08
2026-07-15,4.13,4.26,4.55,5.08
2026-07-16,4.16,4.28,4.57,5.09
2026-07-17,4.18,4.28,4.55,5.06
2026-07-20,4.21,4.33,4.6,5.11
2026-07-21,4.26,4.37,4.63,5.13
2026-07-22,4.31,4.41,4.67,5.15
2026-07-23,4.37,4.46,4.71,5.17
2026-07-24,4.33,4.43,4.69,5.16
2026-07-27,4.31,4.4,4.65,5.12
2026-07-28,4.26,4.35,4.61,5.09
2026-07-29,4.22,4.37,4.67,5.2
2026-07-30,4.23,4.38,4.68,5.21
2026-07-31,4.28,4.45,4.75,5.27
2026-08-03,4.25,4.4,4.7,5.23
2026-08-04,4.2,4.33,4.63,5.18
2026-08-05,4.18,4.33,4.63,5.17
2026-08-06,4.25,4.4,4.69,5.22
2026-08-07,4.19,4.35,4.65,5.19
2026-08-10,4.25,4.41,4.72,5.25
2026-08-11,4.22,4.39,4.7,5.24
2026-08-12,4.2,4.38,4.68,5.24
2026-08-13,4.15,4.32,4.63,5.21
2026-08-14,4.17,4.36,4.68,5.25
2026-08-17,4.19,4.38,4.72,5.31
2026-08-18,4.19,4.37,4.71,5.28
2026-08-19,4.19,4.35,4.65,5.19
2026-08-20,4.19,4.39,4.69,5.23
2026-08-21,4.24,4.43,4.74,5.27
2026-08-24,4.24,4.41,4.7,5.23
2026-08-25,4.17,4.35,4.64,5.17
2026-08-26,4.19,4.37,4.66,5.18
2026-08-27,4.2,4.38,4.67,5.19
2026-08-28,4.34,4.48,4.73,5.22
2026-08-31,4.34,4.49,4.75,5.25
2026-09-01,4.39,4.55,4.79,5.27
